-- phpMyAdmin SQL Dump
-- version 5.2.0
-- https://www.phpmyadmin.net/
--
-- Hostiteľ: db
-- Čas generovania: Št 07.Sep 2023, 12:56
-- Verzia serveru: 8.0.32
-- Verzia PHP: 8.0.19

SET SQL_MODE = "NO_AUTO_VALUE_ON_ZERO";
START TRANSACTION;
SET time_zone = "+00:00";


/*!40101 SET @OLD_CHARACTER_SET_CLIENT=@@CHARACTER_SET_CLIENT */;
/*!40101 SET @OLD_CHARACTER_SET_RESULTS=@@CHARACTER_SET_RESULTS */;
/*!40101 SET @OLD_COLLATION_CONNECTION=@@COLLATION_CONNECTION */;
/*!40101 SET NAMES utf8mb4 */;

--
-- Databáza: `myDatabase`
--

-- --------------------------------------------------------

--
-- Štruktúra tabuľky pre tabuľku `grammar`
--

CREATE TABLE `grammar` (
  `id` int UNSIGNED NOT NULL,
  `grammar_title` varchar(64) CHARACTER SET utf8mb4 COLLATE utf8mb4_general_ci NOT NULL,
  `grammar_description` varchar(256) CHARACTER SET utf8mb4 COLLATE utf8mb4_general_ci NOT NULL
) ENGINE=InnoDB DEFAULT CHARSET=utf8mb4 COLLATE=utf8mb4_unicode_ci;

--
-- Sťahujem dáta pre tabuľku `grammar`
--

INSERT INTO `grammar` (`id`, `grammar_title`, `grammar_description`) VALUES
(1, 'Vyjadrenie ukončenia aktivity', 'Spojením \"-te\" formy slovies s \"shimau/shimaimasu\" na konci vety popisuje aktivitu ktorá už skončila.'),
(2, 'Vyjadrenie frekvencie opakovania', 'Slovne spojenie \"X ni Y\" popisuje koľko krát(Y) sa opakuje do nejakej časovej doby (X).'),
(3, 'Vyjadrenie vďaky niekomu', 'Slovné spojenie \"X no okage de\" vyjadruje komu/čomu(X) ďakujeme za niečo.'),
(4, 'Otázka lepšieho z možností', 'Slovné spojenie \"X to Y wa dochira no hou ga Z desu ka\" popisuje otázku ktorá z X a Y je lepšie v Z.'),
(5, 'Výber lepšieho z možností', 'Slovné spojenie \"X no hou ga Y yori\" alebo \"X wa Y yori Z desu\" vyjadruje výber toho lepšieho z možností v niečom (Z).'),
(6, 'Otázka najlepšie z možností', 'Slovné spojenie \"X to Y to W no naka de nani ga ichiban Z desu ka\" vyjadruje ktoré z možností je najlepšie v niečom (Z).'),
(7, 'Výber najlepšieho z možností', 'Spojenie \"X to Y to W no naka de X/Y/W ga ichiban Z desu\" vyjadruje ktoré z možností je najlepšie v niečom (Z).'),
(8, 'Priebehový čas', 'Slovné spojenie -te iru na konci vety popisuje aktivitu ktorá momentálne prebieha.'),
(9, 'Stať sa', 'Slovné spojenie \"ni naru\" na konci vety popisuje čím/kým sa niekto/niečo stal.'),
(10, 'Nestať sa', 'Slovné spojenie \"ni narimasen\" na konci vety popisuje čím/kým sa niekto/niečo nestal.'),
(11, 'Niekto niečo povedal', 'Slovné spojenie \"to itte imasu\" vyjadruje že niekto niečo povedal.'),
(12, 'Niečo si myslím', 'Slovným spojením \"to omotte imasu\" vyjadríme že si niečo myslíme.'),
(13, 'Niekedy vykonaná aktivita', 'Slovné spojenie \"ta koto ga arimasu\" vyjadríme to že sa nejaká aktivita už niekedy stala.'),
(14, 'Nikdy nevykonaná aktivita', 'Spojením \"ta koto ga arimasen\" vyjadríme že sa nejaká aktivita ešte nikdy nestala'),
(15, 'Príliš veľa vykonávania', 'Slovné spojenie \"základ slovesa sugiru\" vyjadríme že nejakú aktivitu vykonávame príliš často.'),
(16, 'Radšej niečo urobiť', 'Keď spojíme na \"ta hou ga ii desu yo\" tak vyjadríme že sa malo radšej niečo urobiť napr. nejaká rada do života.'),
(17, 'Netreba niečo urobiť', 'Spojením \"nakute mo ii desu\" alebo \"hitsuyou ga arimasen\" vyjadríme že nejakú aktivitu nie je nutné vykonať.'),
(18, 'Treba niečo vykonať', 'Spojením \"kute mo ii desu\" alebo \"hitsuyou ga arimasu\" vyjadríme že nejakú aktivitu je potrebné vykonať.'),
(19, 'Neúplný zoznam aktivít/okjektov', 'Použitím \"ya\" medzi nejakými objektmi vymenúvavame zoznam objektov a použitím \"tari\" zoznam aktivít. '),
(20, 'Môcť/Dokázať', 'Spojením \"e masu\" alebo \"koto ga dekimasu\"vyjadríme že môžeme vykonať nejakú aktivitu.'),
(21, 'Nemôcť/Nedokázať', 'Spojením \"e masen\" alebo \"koto ga dekimasen\" vyjadríme že nemôžeme vykonať nejakú aktivitu.'),
(22, 'Zdá sa/Vyzerá', 'Spojením \"sou desu\" vyjadríme že niečo vyzerá byť nejako alebo tiež hlásenie že niečo sa stalo.'),
(23, 'Skúsiť nejakú aktivitu', 'Spojením \"te mimasu\" vyjadríme že chceme skúsiť danú aktivitu.'),
(24, 'Vtedy a len vtedy', ' Použitím \"A nara\" zväčša pred podstatným menom vyjadríme že niečo platí len pre A.'),
(25, 'Rada/Odporúčanie', 'Použitím \"tara dou desu ka\" vyjadríme nejakú radu alebo odporúčanie niekomu.'),
(26, 'Vopred vykonaná aktivita', 'Ak použijeme \"te oku\" vyjadríme tým že sme niečo spravili vopred.'),
(27, 'Žiadosť', 'Spojenie \"te kurenai/kuremasen/itadakemasen ka\" vyjadruje žiadosť o niečo.'),
(28, 'Dufanie pre seba', 'Spojením \"to ii n desu ga\" alebo \"to ii n dakedo\" vyjadrujeme že dúfame v niečo pre seba.'),
(29, 'Dúfanie pre iného', 'Spojením \"to ii desu ne\" alebo \"to ii ne\" vyjadríme že dúfame v niečo pre niekoho iného.'),
(30, 'Podľa niekoho tvrdenia', 'Spojením \"ni yoruto\" sa odvolávame na niekoho tvrdenie.'),
(31, 'Vyzerá byť (looks like)', 'Spojením \"mitai desu\" vyjadríme že niečo/niekto vyzerá byť nejak.'),
(32, 'Vykonať pred niečím', 'Spojením \"A mae ni B\" pred nejakou vetou vyjadríme že pred vetou A je nutné vykonať vetu B.'),
(34, 'Vykonávanie aktivít súčasne', 'Spojením \"A nagara B\" alebo \"A aida ni B\" vravíme o aktivitách (A B) ktoré vykonávame súčasne kde \"nagara\" je o 1 osobe a \"aida ni\" o viacerých.'),
(35, 'Ľútosť o nespravení aktivity', 'Slovným spojením \"ba yokkata desu\" vyjadríme ľútosť nad tým že sme nevykonali aktivitu ktorú sme mali.'),
(36, 'Ľútosť o spravení aktivity', 'Slovným spojením \"nakereba yokkata desu\" vyjadríme ľútosť nad tým že sme vykonali aktivitu ktorú sme nemali.'),
(37, 'Radosť o spravení aktivity', 'Slovným spojením \"te yokkata desu\" vyjadríme radosť nad tým že sme vykonali nejakú aktivitu.'),
(38, 'Radosť o nespravení aktivity', 'Slovným spojením \"nakute yokkata desu\" vyjadríme radosť nad tým že sme nevykonali aktivitu.'),
(39, 'Vyjadrenie aktivity namiesto inej', 'Slovným spojením \"nai de\" vyjadríme aktivitu ktorú sme neurobili ale namiesto toho sme urobili niečo iné.'),
(40, 'Pomenovanie', 'Použitím  \"A to iu B\" kde pomenúvame vec alebo osobu kde A je meno a B je vec/osoba.'),
(41, 'Jednoduchá aktivita', 'Vyjadrením základu slovesa spolu s \"yasui desu\" vyjadríme že nejaká aktivitu je/bolo ľahké vykonať. '),
(42, 'Zložitá aktivita', 'Vyjadrením základu slovesa spolu s \"nikui desu\" vyjadríme že nejaká aktivitu je/bolo ťažké vykonať.'),
(43, 'Vyjadrenie nespokojnosti', 'Spojením slovesa s \"mareru/maremasu\" v prítomnosti alebo \"mareta/maremashita\" minulosti alebo \"marete\" pre te formu či \"marenai/maremasen\" a \"marenakatta/maremasendeshita\" pre zápor vyjadríme nespokojnosť/našťvanosť nad nejakou aktivitou.'),
(44, 'Chcieť', 'Pridaním ku základu slovesa \"tai desu\" alebo ku neurčitku \"-te hoshii desu\" hovoríme o aktivite/veci ktorú chceme popr. minulý čas \"takatta desu\" alebo \"-te hoshi katta desu\".'),
(45, 'Nechcieť', 'Pridaním ku základu slovesa \"taku nai desu\" alebo ku neurčitku \"-te hoshiku arimasen\" hovoríme o aktivite/veci ktorú nechceme popr. minulý čas \"taku nakatta desu\" alebo \"-te hoshiku arimasen deshita\".'),
(46, 'Musieť', 'Pridaním ku základu slovesa \"nakya/nakereba/nakucha +/- ikemasen\" tak hovoríme o aktivite/veci ktorú musíme spraviť popr. minulý čas ešte pridať \"deshita\".'),
(47, 'Napríklad', 'Použitím \"toka\" pri nejakej aktivite/veci vyjadríme nejaký príklad niečoho (v podstate napr.).'),
(48, 'Nechať niečo urobiť', 'Použitím \"ra/a/ka+seru\" kde pri napr. ru-slovesách sa ešte pred to dáva \"sa\" pri u-slovesách iba \"a\" a pri ku \"ka\" atď. vyjadríme že niekoho necháme/dovolíme/donútime niečo urobiť.'),
(49, 'Príkaz', 'Použitím základu slovesa spolu s \"nasai\" vyjadríme príkaz väčšinou na základe skúsenosti vyššieho veku alebo postavenia napr. rodičia prikazujú deťom.'),
(50, 'Podmienka', 'Spojením \"A -eba/-ba B\" vyjadríme podmienku že ak platí/neplatí A tak bude platiť/neplatiť aj B kde \"eba/ba\" pridávame ku tvaru slovesa.'),
(51, 'Keďže/Pretože', 'Spojením \"A kara/node B\" vyjadríme výraz keďže/pretože platí A tak platí B dá sa tiež chápať ako B lebo A.'),
(52, 'Pravdepodobnosť/Asi', 'Spojením \"kamo shiremasen\" alebo len \"kamo\" alebo spojením základu slovesa spolu s \"shou\" na konci nejakej vety vyjadríme pravdepodobnosť niečoho.'),
(53, 'Podmienka pre zápor', 'Použitím \"A noni B\" hovoríme že aj keď platí A tak neplatí/nerobí B.'),
(54, 'Podmienka B platí vždy', 'Použitím \"A -te mo B\" vraví o tom že B platí aj napriek tomu že platí/neplatí A.'),
(55, 'Similarita v kvalite/vzhľade', 'Použitím \"A no youna B\" používame vtedy keď chceme povedať že B je rovnaké/podobné v kvalite či vzhľade ako A alebo tiež že A je príkladom B.'),
(56, 'Similarita v charakteristike', 'Použitím \"A no youni B\" vyjadríme že je niekto/niečo rovnaké porovnateľné rovnaké ako niekto/niečo (A) v niečom (B).  '),
(57, 'Rozhodnutie', 'Kombináciou prítomného času a \"koto ni suru\" vyjadríme že sme sa pre niečo rozhodli v prípade \"koto ni shite iru\" čo sme sa rozhodli robiť pravidelne.'),
(58, 'Ako niečo robiť', 'Kombináciou základu slova+\"kata\" alebo \"dou yatte\"+slovo vyjadríme ako niečo vykonať/robiť (pri podst mena+slovesa ešte pridať \"no\" pred podst meno pri \"kata\").'),
(60, 'Vyjadrenie zmeny', 'Použitím \"-te\" formy slovesa s \"kimasu\" vyjadríme, že pride/nastane zmena v niečom.'),
(61, 'Vyjadrenie možného', 'Použitím slova \"moshi\" na začiatku vety vyjadríme, že niečo je možné zväčša sa kombinuje s \"tara\" podmienkou. '),
(62, 'Prídavné mená na príslovky', 'Pri prídavných menách končiacich na \"i\" sa zamení za \"ku\" a končiace na \"na\" sa zamení za \"ni\" a vznikne z ních príslovka.'),
(63, 'Urobiť a vrátiť sa', 'V kombinácii \"-te\" formy slovesa a \"kimasu\" vyjadríme, že vykonáme nejakú aktivitu a vrátime sa.'),
(64, 'Kombinácia viacerých prídavných mien', 'Pri kombinácii viacerých prídavných mien sa všetky z nich okrem posledného dajú pri \"i\" type na \"kute\" a pri \"na\" type na \"ni\".'),
(65, 'Kombinácia protichodných prídavných mien', 'Pri kombinácii protichodných prídavných mien sa tie prvé dávajú v normálnom tvar + desu ga, za ktorými nasledujú tie, ktoré im odporujú v normálnom tvare + desu.'),
(66, 'Chcieť radu', 'Spojením základu slovesa s \"tai n desu ga\" vyjadríme, že chceme niečo a potrebujeme poradiť.'),
(67, 'Poďme niečo robiť', 'Spojením základu slovesa spolu s \"you\" alebo \"mashou\" hovoríme o tom, že idem/e niečo urobiť.');

-- --------------------------------------------------------

--
-- Štruktúra tabuľky pre tabuľku `grammar_sentences`
--

CREATE TABLE `grammar_sentences` (
  `id` int UNSIGNED NOT NULL,
  `grammar_id` int UNSIGNED NOT NULL,
  `jap_sentence` varchar(128) CHARACTER SET utf8mb4 COLLATE utf8mb4_general_ci NOT NULL,
  `svk_sentence` varchar(128) CHARACTER SET utf8mb4 COLLATE utf8mb4_general_ci NOT NULL
) ENGINE=InnoDB DEFAULT CHARSET=utf8mb4 COLLATE=utf8mb4_unicode_ci;

--
-- Sťahujem dáta pre tabuľku `grammar_sentences`
--

INSERT INTO `grammar_sentences` (`id`, `grammar_id`, `jap_sentence`, `svk_sentence`) VALUES
(3, 1, 'Hon o yonde shimaimashita.', 'Už som dočítal knihu.'),
(4, 2, 'ichichi ni ichijikan', '1 hodinu denne'),
(5, 2, 'isshuukan ni ikkai', '1x za týždeň'),
(6, 2, 'ikkagetsu ni nikai', '2x za mesiac'),
(7, 3, 'Watashi wa anata no okage de benkyou shimashita.', 'Vďaka tebe som sa učil.'),
(8, 4, 'Tokyo to Bratislava to dochira no hou ga ookii desu ka', 'Čo je väčšie Tokyo alebo Bratislava ?'),
(9, 5, 'Konpyuta wa Tokei yori takai desu', 'Počítač je drahší ako Hodinky.'),
(10, 5, 'Tokyou no hou ga Bratislava yori ookii desu', 'Tokyo je väčšie ako Bratislava.'),
(11, 6, 'Kuruma to naifu to kusuri no naka de nani ga ichiban takai desu ka', 'Ktoré z možností auto'),
(12, 7, 'Gyunyuu to wain to biiru no naka de gyunyuu ga ichiban oishii desu.', 'Z možností mlieko,víno a pivo je mlieko najchutnejšie.'),
(13, 8, 'Fuku o erabete iru.', 'Vyberá si šaty.'),
(14, 10, 'Natsu ni mada narimasen.', 'Leto ešte neprišlo.'),
(15, 9, 'Watashi wa segatakai ni narimasu.', 'Stal som sa vysoký/Som vysoký.'),
(16, 11, 'Kanojo wa eiga o mitai to itte imasu.', 'Ona vraví že chce vidieť film.'),
(17, 12, 'Kingudamu wa totemo subarashii anime desu to omotte imasu.', 'Ja si myslím že Kingdom je veľmi super anime.'),
(18, 13, 'Watashi wa kono eiga o mita koto ga arimasu.', 'Tento film som už niekedy videl.'),
(19, 15, 'Watashi wa kinou terebi o mi sugimashita.', 'Včera som príliš veľa pozeral telku.'),
(20, 16, 'Anata wa biyoin ni itta hou ga ii desu yo.', 'Mal si radšej ísť do nemocnice.'),
(21, 17, 'Watashi wa ashita shukudai o shinakute mo ii desu.', 'Zajtra nemusím robiť domácu úlohu.'),
(22, 14, 'Watashi wa Chuugoku ni itta koto ga arimasen.', 'Ešte nikdy som nebol v Číne.'),
(23, 20, 'Watashi wa ima Hangarii ni ikemasu.', 'Ja môžem ísť teraz do Maďarska.'),
(24, 21, 'Watashi wa Doitsugo ga hanasemasen.', 'Ja nemôžem/nedokážem rozprávať po Nemecky.'),
(25, 22, 'Kono keeki ga oishi sou desu.', 'Tento koláč vyzerá chutne.'),
(26, 23, 'Watashi mo ano karate no sensei ni oshiete mimasu.', 'Tiež sa skúsim spýtať toho učiteľa karate.'),
(27, 24, 'Watashi no shumi nara nanimo dekimasu.', 'Ak sa jedná o moje koníčký zvládnem hocičo.'),
(28, 25, 'Motoo benkyou shitara dou desu ka?', 'Čo keby si sa viac učil?'),
(29, 27, 'Okane o kashite kurenai ka?', 'Požičal by si mi peniaze?'),
(30, 28, 'Rainen Chuugoku ni ikemasu to ii n desu ga.', 'Dúfam že budem môcť ísť do Číny ďalší rok.'),
(31, 29, 'Tomodachi wa ashita matsuri ni ikimasu.Ame ga futte inai to ii desu ne.', 'Kamarát ide zajtra na fesitval.Dúfam že nebude pršať.'),
(32, 30, 'Watashi no okaa san no tomodachi tachi ni yoruto ie de tsumaranai sou desu.', 'Podľa kamarátiek mojej mami je doma nuda.'),
(33, 18, 'Paatii ni tabemono o motte kute mo ii desu.', 'Na párty je potrebné doniesť si jedlo.'),
(34, 31, 'Anata wa watashi no okaa san mitai desu.', 'Vyzeráš ako moja mama.'),
(35, 32, 'Nihonjin wa tabemono o tabe hajimeru mae ni itadakimasu to iwanakya.', 'Japonci pred začatím jedla musia povedať itadakimasu.'),
(37, 34, 'Terebi o mi nagara shukudai o shimashita.', 'Počas sledovania telky som si spravil domácu úlohu.'),
(38, 35, 'Tomodachi ni denwa o sureba yokatta desu.', 'Mal som kamarátovi zavolať.'),
(39, 36, 'Kamera o kawanakereba yokatta desu.', 'Nemal som kupovať tú kameru.'),
(40, 37, 'Kingudamu no anime o mite yokatta desu.', 'Som rád že som videl anime Kingdom.'),
(41, 38, 'Densha ni nori o kure nakute yokatta desu.', 'Som rád že som nezmeškal vlak.'),
(42, 39, 'Kinou no yoru wa nenai de benkyou shimashita.', 'Včera v noci som sa učil namiesto toho aby som sa vyspal.'),
(44, 40, 'Saikin Soodo Aato Onrain to iu hon o yomimashita.', 'Nedávno som čítal knihu s názvom Sword Art Online.'),
(45, 41, 'Yami sensei wa yasashii kara soudan shi yasui desu.', 'Učiteľ Yami je milý a preto sa s ním dá ľahko konzultovať.'),
(46, 42, 'Kono uta wa oto ga takai node utai nikui desu.', 'Táto pesnička má vysoké tóny a preto sa ťažko spieva.'),
(47, 43, 'Watashi no tonari no hito wa tabako o suwaremashita.', 'Bol som našťvaný keď vedľa mňa niekto fajčil.'),
(48, 44, 'Motto anshin ni shitai desu.', 'Chcem byť viac oddýchnutý.'),
(49, 44, 'Kono eiga o mite hoshii desu.', 'Chcem vidieť ten film.'),
(50, 44, 'Kodomo no toki boukensha ni naritakatta desu.', 'Keď som bol malý chcel som byť dobrodruh.'),
(51, 45, 'Burokolii o tabetaku nai desu.', 'Nechcem jesť brokolicu.'),
(52, 45, 'Kodomo no toki gyunyuu o nonde hoshiku arimasen deshita.', 'Keď som bol malý nechcel som piť mlieko.'),
(53, 46, 'Benkyou ga isogashiku natta node shigoto o yamenakya.', 'Som príliť zaneprázdnený učením tak musím prestať s prácou.'),
(54, 46, 'Kinou wa shawaa ni ikanakya deshita.', 'Včera som musel ísť do sprchy.'),
(55, 47, 'Mainichi shigoto toka kaigi toka de totemo isogashii desu.', 'Každý deň som zaneprázdnený napr. prácou a mítingami.'),
(56, 48, 'Okaa san wa kodomo ni niku o tabesaseru.', 'Matka dovolí dieťaťu jesť mäso.'),
(57, 49, 'Ryoushin ni mainichi denwa o shinasai.', 'Každý deň volaj rodičom.'),
(58, 50, 'Hayaku nereba nemui shimasen.', 'Ak pôjdeš skôr spať tak nemusíš zaspatý.'),
(59, 50, 'Watashi tachi yoyaku shite okereba anshin shimasu.', 'Ak spravíme vopred rezerváciu budeme pokojný.'),
(60, 51, 'Nihongo o benkyou shitakatta node nihon ni ikimashita.', 'Keďže som sa chcel učiť japončinu tak som šiel do Japonska.'),
(61, 51, 'Puroguramingu sukida kara puroguramingu no daigaku ni ikimashita.', 'Keďže som mal rád programovanie tak som šiel na programátorskú školu.'),
(62, 52, 'Toukyou wa ashita kumori kamo shiremasen.', 'V Tokiu asi bude zajtra zamračené.'),
(63, 52, 'Atsui ofuro ni haitte hayaku haimashou to omotte imasu.', 'Myslím si že by si mal ísť rýchlo do horúcej vane.'),
(64, 53, 'Mainichi renshuu shita noni makete shimaimashita.', 'Aj keď som cvičil každý deň tak som prehral.'),
(65, 53, 'Kyou wa saishuu no shiken ga aru noni mada benkyou shimasen deshita.', 'Aj keď mám dnes finálny test tak som sa ešte neučil.'),
(66, 55, 'Watashi wa Kingudamu no youna eiga ga suki desu.', 'Mám rád filmy ako Kingdom.'),
(67, 56, 'Kare wa sakana no youni jouzu ni oyogemasu.', 'On pláve veľmi dobre ako ryba.'),
(68, 56, 'Kono hito wa shuwa chan no youni tsuyoi desu.', 'Ten človek je silný jak Schwarzenegger.'),
(69, 54, 'Ame ga futte mo pikunikku ni ikimasu.', 'Aj keď vonku prší tak pôjdem na piknik.'),
(70, 54, 'Atsu kutemo eakon o tsukemasen.', 'Aj keď je horúco tak nezapnem klímu.'),
(71, 57, 'Watashi wa kuruma o kau koto ni shimashita.', 'Rozhodol som sa kúpiť si auto.'),
(72, 57, 'Ame ga yanda node shokuryouhin mise ni iku koto ni shimashita.', ' Keď bude pršať, tak pôjdem do potravín.'),
(73, 58, 'Watashi ni karada o renshuu shikata o oshiemasu ka.', 'Naučíš ma ako cvičiť telo?'),
(74, 58, 'Watashi wa nihongo no benkyou shikata o shiritai desu.', 'Chcem vedieť ako sa učiť japončinu.'),
(78, 61, 'Moshi uchuujin o mitara shashin o toru.', 'Ak by som niekedy videl mimozemšťana tak urobím fotku.'),
(79, 62, 'Kyou wa hayaku okimashita.', 'Dnes som sa zobudil skoro.'),
(80, 62, 'Kono tegami o kireini kaite kudasai.', 'Tento lisť napíšte prosím krasopisne.'),
(81, 63, 'Kusuri o katte kimashita.', 'Šiel som kúpiť lieky (a vrátil som sa).'),
(82, 65, 'Kono tokei wa kirei desu ga totemo takai desu.', 'Tieto hodinky sú krásne ale sú príliš drahé.'),
(83, 64, 'Ano puuru wa kireini yasukute atatakai desu.', 'Ten bazén je čistý lacný a teplý.'),
(84, 64, 'Anata wa tanoshikute nonbiri hito desu ga baka desu.', 'Si zábavný a pohodový človek ale si blbec.'),
(85, 66, 'Omyage o kaitai n desu ga.', 'Chcel by som kúpiť suvenír (a potrebujem s tým poradiť).'),
(86, 67, 'Mou osoi node hayaku nemashou.', 'Už je neskoro poďme spať.'),
(87, 67, 'Watashi no onaka ga itai node issha ni denwa o shiyou.', 'Bolí ma brucho tak idem zavolať doktorovi.');

-- --------------------------------------------------------

--
-- Štruktúra tabuľky pre tabuľku `kana`
--

CREATE TABLE `kana` (
  `id` int UNSIGNED NOT NULL,
  `hiragana` varchar(16) CHARACTER SET eucjpms COLLATE eucjpms_japanese_ci NOT NULL,
  `katakana` varchar(16) CHARACTER SET eucjpms COLLATE eucjpms_japanese_ci NOT NULL,
  `romaji` varchar(16) CHARACTER SET utf8mb4 COLLATE utf8mb4_general_ci NOT NULL
) ENGINE=InnoDB DEFAULT CHARSET=utf8mb4 COLLATE=utf8mb4_unicode_ci;

--
-- Sťahujem dáta pre tabuľku `kana`
--

INSERT INTO `kana` (`id`, `hiragana`, `katakana`, `romaji`) VALUES
(1, 'あ', 'ア', 'a'),
(3, 'か　が', 'カ　ガ', 'ka ga'),
(4, 'さ　ざ', 'サ　ザ', 'sa za'),
(5, 'た　だ', 'タ　ダ', 'ta da'),
(6, 'ま', 'マ', 'ma'),
(7, 'な', 'ナ', 'na'),
(8, 'は　ば　ぱ', 'ハ　バ　パ', 'ha ba pa'),
(9, 'ら', 'ラ', 'ra'),
(10, 'や', 'ヤ', 'ya'),
(11, 'わ', 'ワ', 'wa'),
(12, 'え', 'エ', 'e'),
(13, 'け　げ', 'ケ　ゲ', 'ke ge'),
(14, 'せ　ぜ', 'セ　ゼ', 'se ze'),
(15, 'て　で', 'テ　デ', 'te de'),
(16, 'め', 'メ', 'me'),
(17, 'ね', 'ネ', 'ne'),
(18, 'へ　べ　ぺ', 'ヘ　ベ　ペ', 'he be pe'),
(19, 'れ', 'レ', 're'),
(20, 'い', 'イ', 'i'),
(21, 'き　ぎ', 'キ　ギ', 'ki gi'),
(22, 'し　じ', 'シ　ジ', 'shi ji'),
(23, 'ち', 'チ', 'chi'),
(24, 'み', 'ミ', 'mi'),
(25, 'に', 'ニ', 'ni'),
(26, 'ひ　び　ぴ', 'ヒ　ビ　ピ', 'hi bi pi'),
(27, 'り', 'リ', 'ri'),
(28, 'お', 'オ', 'o'),
(29, 'こ　ご', 'コ　ゴ', 'ko go'),
(30, 'そ ぞ', 'ソ　ゾ', 'so zo'),
(31, 'と　ど', 'ト　ド', 'to do'),
(32, 'も', 'モ', 'mo'),
(33, 'の', 'ノ', 'no'),
(34, 'ほ　ぼ　ぽ', 'ホ　ボ　ポ', 'ho bo po'),
(35, 'ろ', 'ロ', 'ro'),
(36, 'よ', 'ヨ', 'yo'),
(37, 'を', 'ヲ', 'wo'),
(38, 'う', 'ウ', 'u'),
(39, 'く　ぐ', 'ク　グ', 'ku gu'),
(40, 'す　ず', 'ス　ズ', 'su zu'),
(41, 'つ', 'ツ', 'tsu'),
(42, 'む', 'ム', 'mu'),
(43, 'ぬ', 'ヌ', 'nu'),
(44, 'ふ　ぶ　ぷ', 'フ　ブ　プ', 'hu bu pu'),
(45, 'る', 'ル', 'ru'),
(46, 'ゆ', 'ユ', 'yu');

-- --------------------------------------------------------

--
-- Štruktúra tabuľky pre tabuľku `kanji`
--

CREATE TABLE `kanji` (
  `id` int UNSIGNED NOT NULL,
  `kanji_char` varchar(16) CHARACTER SET eucjpms COLLATE eucjpms_japanese_ci NOT NULL,
  `kunyoumi` varchar(32) CHARACTER SET utf8mb4 COLLATE utf8mb4_general_ci NOT NULL,
  `onyoumi` varchar(32) CHARACTER SET utf8mb4 COLLATE utf8mb4_general_ci NOT NULL,
  `slovak` varchar(32) CHARACTER SET utf8mb4 COLLATE utf8mb4_general_ci NOT NULL
) ENGINE=InnoDB DEFAULT CHARSET=utf8mb4 COLLATE=utf8mb4_unicode_ci;

--
-- Sťahujem dáta pre tabuľku `kanji`
--

INSERT INTO `kanji` (`id`, `kanji_char`, `kunyoumi`, `onyoumi`, `slovak`) VALUES
(1, '一', 'hito(つ)', 'ichi', 'jeden'),
(2, '二', 'futa(つ)', 'ni', 'dva'),
(3, '三', 'mi(つ)', 'san', 'tri'),
(4, '四', 'yon/yo(つ)', 'shi', 'štyri'),
(5, '五', 'itsu(つ)', 'go', 'päť'),
(6, '六', 'mu(つ)', 'roku', 'šesť'),
(7, '七', 'nana(つ)', 'shichi', 'sedem'),
(8, '八', 'ya(つ)/you', 'hachi', 'osem'),
(9, '九', 'kokono(つ)', 'kyuu', 'deväť'),
(10, '十', 'too/to/so', 'juu/jutsu/jitsu', 'desať'),
(11, '百', 'momo', 'hyaku/byaku', 'sto'),
(12, '千', 'chi', 'sen', 'tisíc'),
(13, '万', 'yorozu', 'man/ban', 'desať tisíc'),
(14, '人', 'hito/-ri/-to', 'jin/nin', 'človek/osoba'),
(15, '入(る)  入(口)', 'hai(ru)/iri(guchi)', 'jyu/nyu', 'vstúpiť vchod'),
(16, '出(口)  出(す)', 'de(guchi) da(su)', 'shutsu/sui', 'východ vybrať/zverejniť'),
(17, '大(き)', 'oo(ki)', 'tai/dai', 'veľký'),
(18, '天', 'ame/ama-/amatsu', 'ten', 'obloha/nebo'),
(19, '午', 'uma', 'go', 'poludnie'),
(20, '半', 'naka(ば)', 'han', 'polovica/pol'),
(21, '手', 'te/ta/-te/te-', 'shu/zu', 'ruka'),
(22, '足', 'ashi/ta', 'soku', 'chodidlo'),
(23, '火', 'hi/-bi/ho-', 'ka', 'oheň'),
(24, '上  上(手)', 'ue/nobo/a', 'shou/shan/jou(zu)', 'hore zručný'),
(25, '下  下(手)', 'shimo/shita/kuda/o', 'ka/ge/he(ta)', 'dole/zlý v niečom'),
(26, '中', 'naka/uchi/ata', 'chyu', 'vnútri'),
(27, '今', 'ima', 'kon/kin', 'teraz'),
(28, '口', 'kuchi', 'ku/koo', 'ústa'),
(29, '白', 'shiro/shira-', 'haku/byaku', 'biela farba'),
(30, '日', 'hi/-bi/-ka', 'nichi/jitsu', 'deň/slnko'),
(31, '月', 'tsuki', 'getsu/gatsu', 'mesiac'),
(32, '目', 'me/ma-', 'moku/boku', 'oko'),
(33, '女', 'onna/me', 'jyo/nyo/nyou', 'žena'),
(34, '川', 'kawa', 'sen', 'rieka'),
(35, '小(さい)', 'chii(sai)/ko-/o-/sa-', 'shyou', 'malý'),
(36, '少(し)  少(ない)', 'suko(shi) suku(nai)', 'shyou', 'trochu málo'),
(37, '土', 'tsuchi', 'to/do', 'zem'),
(38, '古(い)', 'furu(i)/furu-', 'ko', 'starý'),
(39, '木', 'ki/ko', 'moku/boku', 'drevo/strom'),
(40, '本', 'moto', 'hon', 'kniha'),
(41, '休(む)  休(み)', 'yasu(mu) yasu(mi)', 'kyuu', 'voľno chýbať/dovolenka'),
(42, '水', 'mizu', 'sui', 'voda'),
(43, '父', 'chichi', 'fu', 'otec'),
(44, '母', 'haha/mo', 'bo', 'mama'),
(45, '山', 'yama', 'san/sen', 'hora'),
(46, '円', 'maru/mado/maru', 'en', 'yen/kruh'),
(47, '肉', 'shishi', 'niku', 'mäso');

-- --------------------------------------------------------

--
-- Štruktúra tabuľky pre tabuľku `nounTypes`
--

CREATE TABLE `nounTypes` (
  `id` int UNSIGNED NOT NULL,
  `type_name` varchar(16) CHARACTER SET utf16 COLLATE utf16_general_ci NOT NULL,
  `image_name` varchar(16) CHARACTER SET utf16 COLLATE utf16_general_ci NOT NULL
) ENGINE=InnoDB DEFAULT CHARSET=utf8mb4 COLLATE=utf8mb4_unicode_ci;

--
-- Sťahujem dáta pre tabuľku `nounTypes`
--

INSERT INTO `nounTypes` (`id`, `type_name`, `image_name`) VALUES
(1, 'miesta', 'budovy.jpg'),
(2, 'cestovanie', 'cestovanie.jpg'),
(3, 'čísla', 'cisla.jpg'),
(4, 'dni', 'dni.png'),
(5, 'domov', 'domov.jpg'),
(6, 'hotel', 'hotel.jpg'),
(7, 'jedlo', 'jedlo.jpg'),
(8, 'krajiny', 'krajiny.jpg'),
(9, 'medicína', 'medicina.jpg'),
(10, 'oblečenie', 'oblecenie.jpg'),
(11, 'osoby', 'osoby.png'),
(12, 'ostatné', 'ostatne.png'),
(13, 'pitie', 'pitie.jpg'),
(14, 'počasie', 'pocasie.jpg'),
(15, 'šport', 'sport.jpg'),
(16, 'zvieratá', 'zvierata.jpg'),
(17, 'ľudské telo', 'ludske_telo.jpg'),
(18, 'rodina', 'family.jpg'),
(19, 'pozícia', 'pozicia.jpg'),
(20, 'otázky', 'otazky.jpg'),
(21, 'mytológia', 'mytologia.jpg'),
(22, 'vojna', 'vojna.jpg'),
(23, 'reštaurácia', 'restauracia.jpg'),
(24, 'materiál', 'material.jpg'),
(25, 'škola', 'school.jpg'),
(26, 'frázy', 'frazy.jpg'),
(27, 'technológie', 'technology.jpg');

-- --------------------------------------------------------

--
-- Štruktúra tabuľky pre tabuľku `verbFormSuffixes`
--

CREATE TABLE `verbFormSuffixes` (
  `id` int UNSIGNED NOT NULL,
  `form_id` int UNSIGNED NOT NULL,
  `origin` varchar(4) CHARACTER SET utf8mb4 COLLATE utf8mb4_general_ci NOT NULL,
  `form_suffix` varchar(40) CHARACTER SET utf8mb4 COLLATE utf8mb4_general_ci DEFAULT NULL
) ENGINE=InnoDB DEFAULT CHARSET=utf8mb4 COLLATE=utf8mb4_unicode_ci;

--
-- Sťahujem dáta pre tabuľku `verbFormSuffixes`
--

INSERT INTO `verbFormSuffixes` (`id`, `form_id`, `origin`, `form_suffix`) VALUES
(1, 1, 'ru', NULL),
(2, 2, 'ru', 'te'),
(3, 3, 'ru', NULL),
(4, 4, 'ru', 'ru/masu'),
(5, 5, 'ru', 'nai/masen'),
(6, 6, 'ru', 'ta/mashita'),
(7, 7, 'ru', 'nakatta/masen deshita'),
(8, 8, 'ru', 'te iru/te imasu'),
(9, 9, 'ru', 'te inai/te imasen'),
(10, 10, 'ru', 'te ita/tabete imashita'),
(11, 11, 'ru', 'te inakatta/te imasen deshita'),
(12, 12, 'ru', 'reba'),
(13, 13, 'ru', 'nakereba'),
(14, 14, 'ru', 'tara/mashitara'),
(15, 15, 'ru', 'nakattara/masen deshitara'),
(16, 16, 'ru', 'rareru/raremasu'),
(17, 17, 'ru', 'rarenai/raremasen'),
(18, 18, 'ru', 'saseru/sasemasu'),
(19, 19, 'ru', 'sasenai/sasemasen'),
(20, 20, 'ru', 'rareru/raremasu'),
(21, 21, 'ru', 'rarenai/raremasen'),
(22, 1, 'u', NULL),
(23, 2, 'u', 'tte'),
(24, 3, 'u', 'i'),
(25, 4, 'u', 'u/imasu'),
(26, 5, 'u', 'wanai/imasen '),
(27, 6, 'u', 'tta/imashita'),
(28, 7, 'u', 'wanakatta/imasen deshita'),
(29, 8, 'u', 'tte iru/tte imasu'),
(30, 9, 'u', 'tte inai/tte imasen'),
(31, 10, 'u', 'tte ita/tte imashita'),
(32, 11, 'u', 'tte inakatta/tte imasen deshita'),
(33, 12, 'u', 'eba'),
(34, 13, 'u', 'wanakereba'),
(35, 14, 'u', 'ttara/imashitara'),
(36, 15, 'u', 'wanakattara/imasen deshitara'),
(37, 16, 'u', 'eru/emasu'),
(38, 17, 'u', 'enai/emasen'),
(39, 18, 'u', 'waseru/wasemasu'),
(40, 19, 'u', 'wasenai/wasemasen'),
(41, 20, 'u', 'wareru/waremasu'),
(42, 21, 'u', 'warenai/waremasen'),
(43, 1, 'bu', 'b'),
(44, 2, 'bu', 'nde'),
(45, 3, 'bu', 'bi'),
(46, 4, 'bu', 'bu/bimasu'),
(47, 5, 'bu', 'banai/bimasen '),
(48, 6, 'bu', 'nda/bimashita'),
(49, 7, 'bu', 'banakatta/bimasen deshita'),
(50, 8, 'bu', 'nde iru/nde imasu'),
(51, 9, 'bu', 'nde inai/nde imasen'),
(52, 10, 'bu', 'nde ita/nde imashita'),
(53, 11, 'bu', 'nde inakatta/nde imasen deshita'),
(54, 12, 'bu', 'beba'),
(55, 13, 'bu', 'banakereba'),
(56, 14, 'bu', 'ndara/bimashitara'),
(57, 15, 'bu', 'banakattara/bimasen deshitara'),
(58, 16, 'bu', 'beru/bemasu'),
(59, 17, 'bu', 'benai/bemasen'),
(60, 18, 'bu', 'baseru/basemasu'),
(61, 19, 'bu', 'basenai/basemasen'),
(62, 20, 'bu', 'bareru/baremasu'),
(63, 21, 'bu', 'barenai/baremasen'),
(64, 1, 'gu', 'g'),
(65, 2, 'gu', 'ide'),
(66, 3, 'gu', 'gi'),
(67, 4, 'gu', 'gu/gimasu'),
(68, 5, 'gu', 'ganai/gimasen '),
(69, 6, 'gu', 'ida/gimashita'),
(70, 7, 'gu', 'ganakatta/gimasen deshita'),
(71, 8, 'gu', 'ide iru/ide imasu'),
(72, 9, 'gu', 'ide inai/ide imasen'),
(73, 10, 'gu', 'ide ita/ide imashita'),
(74, 11, 'gu', 'ide inakatta/ide imasen deshita'),
(75, 12, 'gu', 'geba'),
(76, 13, 'gu', 'ganakereba'),
(77, 14, 'gu', 'getara/gimashitara'),
(78, 15, 'gu', 'ganakattara/gimasen deshitara'),
(79, 16, 'gu', 'geru/gemasu'),
(80, 17, 'gu', 'genai/gemasen'),
(81, 18, 'gu', 'gaseru/gasemasu'),
(82, 19, 'gu', 'gasenai/gasemasen'),
(83, 20, 'gu', 'gareru/garemasu'),
(84, 21, 'gu', 'garenai/garemasen'),
(85, 1, 'ku', 'k'),
(86, 2, 'ku', 'ite'),
(87, 3, 'ku', 'ki'),
(88, 4, 'ku', 'ku/kimasu'),
(89, 5, 'ku', 'kanai/kimasen '),
(90, 6, 'ku', 'ita/kimashita'),
(91, 7, 'ku', 'kanakatta/kimasen deshita'),
(92, 8, 'ku', 'ite iru/ite imasu'),
(93, 9, 'ku', 'ite inai/ite imasen'),
(94, 10, 'ku', 'ite ita/ite imashita'),
(95, 11, 'ku', 'ite inakatta/ite imasen deshita'),
(96, 12, 'ku', 'keba'),
(97, 13, 'ku', 'kanakereba'),
(98, 14, 'ku', 'ketara/kimashitara'),
(99, 15, 'ku', 'kanakattara/kimasen deshitara'),
(100, 16, 'ku', 'keru/kemasu'),
(101, 17, 'ku', 'kenai/kemasen'),
(102, 18, 'ku', 'kaseru/kasemasu'),
(103, 19, 'ku', 'kasenai/kasemasen'),
(104, 20, 'ku', 'kareru/karemasu'),
(105, 21, 'ku', 'karenai/karemasen'),
(106, 1, 'mu', 'm'),
(107, 2, 'mu', 'nde'),
(108, 3, 'mu', 'mi'),
(109, 4, 'mu', 'mu/mimasu'),
(110, 5, 'mu', 'manai/mimasen '),
(111, 6, 'mu', 'nda/mimashita'),
(112, 7, 'mu', 'manakatta/mimasen deshita'),
(113, 8, 'mu', 'nde iru/nde imasu'),
(114, 9, 'mu', 'nde inai/nde imasen'),
(115, 10, 'mu', 'nde ita/nde imashita'),
(116, 11, 'mu', 'nde inakatta/nde imasen deshita'),
(117, 12, 'mu', 'meba'),
(118, 13, 'mu', 'manakereba'),
(119, 14, 'mu', 'ndara/mimashitara'),
(120, 15, 'mu', 'manakattara/mimasen deshitara'),
(121, 16, 'mu', 'meru/memasu'),
(122, 17, 'mu', 'menai/memasen'),
(123, 18, 'mu', 'maseru/masemasu'),
(124, 19, 'mu', 'masenai/masemasen'),
(125, 20, 'mu', 'mareru/maremasu'),
(126, 21, 'mu', 'marenai/maremasen'),
(127, 1, 'nu', 'n'),
(128, 2, 'nu', 'nde'),
(129, 3, 'nu', 'ni'),
(130, 4, 'nu', 'nu/nimasu'),
(131, 5, 'nu', 'nanai/nimasen '),
(132, 6, 'nu', 'nda/nimashita'),
(133, 7, 'nu', 'nanakatta/nimasen deshita'),
(134, 8, 'nu', 'nde iru/nde imasu'),
(135, 9, 'nu', 'nde inai/nde imasen'),
(136, 10, 'nu', 'nde ita/nde imashita'),
(137, 11, 'nu', 'nde inakatta/nde imasen deshita'),
(138, 12, 'nu', 'neba'),
(139, 13, 'nu', 'nanakereba'),
(140, 14, 'nu', 'ndara/nimashitara'),
(141, 15, 'nu', 'nanakattara/nimasen deshitara'),
(142, 16, 'nu', 'neru/nemasu'),
(143, 17, 'nu', 'nenai/nemasen'),
(144, 18, 'nu', 'naseru/nasemasu'),
(145, 19, 'nu', 'nasenai/nasemasen'),
(146, 20, 'nu', 'nareru/naremasu'),
(147, 21, 'nu', 'narenai/naremasen'),
(148, 1, 'su', 's/sh'),
(149, 2, 'su', 'shite'),
(150, 3, 'su', 'shi'),
(151, 4, 'su', 'su/shimasu'),
(152, 5, 'su', 'sanai/shimasen '),
(153, 6, 'su', 'shita/shimashita'),
(154, 7, 'su', 'sanakatta/shimasen deshita'),
(155, 8, 'su', 'shite iru/shite imasu'),
(156, 9, 'su', 'shite inai/shite imasen'),
(157, 10, 'su', 'shite ita/shite imashita'),
(158, 11, 'su', 'shite inakatta/shite imasen deshita'),
(159, 12, 'su', 'seba'),
(160, 13, 'su', 'sanakereba'),
(161, 14, 'su', 'shitara/shimashitara'),
(162, 15, 'su', 'sanakattara/shimasen deshitara'),
(163, 16, 'su', 'seru/semasu'),
(164, 17, 'su', 'kenai/kemasen'),
(165, 18, 'su', 'saseru/sasemasu'),
(166, 19, 'su', 'sasenai/sasemasen'),
(167, 20, 'su', 'sareru/saremasu'),
(168, 21, 'su', 'sarenai/saremasen'),
(169, 1, 'suru', 'su'),
(170, 2, 'suru', 'shite'),
(171, 3, 'suru', NULL),
(172, 4, 'suru', 'suru/shimasu'),
(173, 5, 'suru', 'shinai/shimasen'),
(174, 6, 'suru', 'shita/shimashita'),
(175, 7, 'suru', 'shinakatta/shimasen deshita'),
(176, 8, 'suru', 'shite imasu'),
(177, 9, 'suru', 'shite imasen'),
(178, 10, 'suru', 'shite imashita'),
(179, 11, 'suru', 'shite imasen deshita'),
(180, 12, 'suru', 'sureba/shimaseba'),
(181, 13, 'suru', 'shinakereba/shimasen nara'),
(182, 14, 'suru', 'shitara/shimashitara'),
(183, 15, 'suru', 'shinakattara/shimasen deshitara'),
(184, 16, 'suru', 'dekiru/dekimasu'),
(185, 17, 'suru', 'dekinai/dekimasen'),
(186, 18, 'suru', 'saseru/sasemasen'),
(187, 19, 'suru', 'sasenai'),
(188, 20, 'suru', 'sareru'),
(189, 21, 'suru', 'sarerarenai');

-- --------------------------------------------------------

--
-- Štruktúra tabuľky pre tabuľku `verbFormTypes`
--

CREATE TABLE `verbFormTypes` (
  `id` int UNSIGNED NOT NULL,
  `form_name` varchar(40) CHARACTER SET utf8mb4 COLLATE utf8mb4_general_ci NOT NULL
) ENGINE=InnoDB DEFAULT CHARSET=utf8mb4 COLLATE=utf8mb4_unicode_ci;

--
-- Sťahujem dáta pre tabuľku `verbFormTypes`
--

INSERT INTO `verbFormTypes` (`id`, `form_name`) VALUES
(1, 'základ slova'),
(2, 'neurčitok-te forma'),
(3, 'infinitív'),
(4, 'prítomný čas'),
(5, 'prítomný čas zápor'),
(6, 'minulý čas'),
(7, 'minulý čas zápor'),
(8, 'pritomný priebehový čas'),
(9, 'pritomný priebehový čas zápor'),
(10, 'minulý priebehový čas'),
(11, 'minulý priebehový čas zápor'),
(12, 'eba form pre podmienku'),
(13, 'eba forma pre podmienku zápor'),
(14, 'tara forma pre podmienku'),
(15, 'tara forma pre podmienku zápor'),
(16, 'potenciálny tvar dokázať'),
(17, 'potenciálny tvar nedokázať'),
(18, 'kauzatívný tvar nechať niečo urobiť'),
(19, 'kauzatívny tvar zápor'),
(20, 'passive forma niečo sa urobilo'),
(21, 'passive forma zápor');

-- --------------------------------------------------------

--
-- Štruktúra tabuľky pre tabuľku `words`
--

CREATE TABLE `words` (
  `id` int UNSIGNED NOT NULL,
  `jap_word` varchar(64) COLLATE utf8mb4_unicode_ci NOT NULL,
  `svk_word` varchar(128) CHARACTER SET utf8mb4 COLLATE utf8mb4_unicode_ci NOT NULL,
  `word_type` enum('pridavne meno','podstatne meno','sloveso') CHARACTER SET utf8mb4 COLLATE utf8mb4_unicode_ci NOT NULL,
  `word_subtype_id` int UNSIGNED DEFAULT NULL,
  `day_of_addition` date DEFAULT NULL
) ENGINE=InnoDB DEFAULT CHARSET=utf8mb4 COLLATE=utf8mb4_unicode_ci;

--
-- Sťahujem dáta pre tabuľku `words`
--

INSERT INTO `words` (`id`, `jap_word`, `svk_word`, `word_type`, `word_subtype_id`, `day_of_addition`) VALUES
(1, 'Chotto', 'Trochu', 'pridavne meno', NULL, '2023-05-10'),
(2, 'Heta(na)', 'Neskúsený', 'pridavne meno', NULL, '2023-05-10'),
(3, 'Jouzu(na)', 'Zručný', 'pridavne meno', NULL, '2023-05-10'),
(4, 'Kakkoi', 'Pekný/cool', 'pridavne meno', NULL, '2023-05-10'),
(5, 'Hitsuyou', 'Potrebné', 'pridavne meno', NULL, '2023-05-10'),
(6, 'Wakai', 'Mladý', 'pridavne meno', NULL, '2023-05-10'),
(7, 'Furui', 'Starý', 'pridavne meno', NULL, '2023-05-10'),
(8, 'Omoshiroi', 'Zaujímavý', 'pridavne meno', NULL, '2023-05-10'),
(9, 'Tsumaranai', 'Nudný', 'pridavne meno', NULL, '2023-05-10'),
(10, 'Ijiwarui', 'Zlý/krutý', 'pridavne meno', NULL, '2023-05-10'),
(11, 'Segatakai', 'Vysoký', 'pridavne meno', NULL, '2023-05-10'),
(12, 'Nagai', 'Dlhý', 'pridavne meno', NULL, '2023-05-10'),
(13, 'Mijikai', 'Krátky', 'pridavne meno', NULL, '2023-05-10'),
(14, 'Byoki', 'Chorý', 'pridavne meno', NULL, '2023-05-10'),
(15, 'Ninki/Yuumei(na)', 'Populárny/Slávny', 'pridavne meno', NULL, '2023-05-10'),
(16, 'Ureshii', 'Šťastný', 'pridavne meno', NULL, '2023-05-10'),
(17, 'Kanashii', 'Smutný', 'pridavne meno', NULL, '2023-05-10'),
(18, 'Ookii', 'Veľký', 'pridavne meno', NULL, '2023-05-10'),
(19, 'Chiisai', 'Malý', 'pridavne meno', NULL, '2023-05-10'),
(20, 'Atama ga ii', 'Múdry', 'pridavne meno', NULL, '2023-05-10'),
(21, 'Atama ga warui', 'Hlúpy', 'pridavne meno', NULL, '2023-05-10'),
(22, 'Isogashii', 'Zaneprázdnený', 'pridavne meno', NULL, '2023-05-10'),
(23, 'Hima(na)', 'Mat voľný čas', 'pridavne meno', NULL, '2023-05-10'),
(24, 'Hayai', 'Rýchly', 'pridavne meno', NULL, '2023-05-10'),
(25, 'Osoi', 'Pomalý', 'pridavne meno', NULL, '2023-05-10'),
(26, 'Nemui', 'Zaspatý', 'pridavne meno', NULL, '2023-05-10'),
(27, 'Tsukareru', 'Unavený/vyčerpaný', 'pridavne meno', NULL, '2023-05-10'),
(28, 'Age', 'Vyprážaný', 'pridavne meno', NULL, '2023-05-10'),
(29, 'Okiniiri', 'Obľúbený', 'pridavne meno', NULL, '2023-05-10'),
(30, 'Kirei(na)', 'Pekné/čisté', 'pridavne meno', NULL, '2023-05-10'),
(31, 'Kitanai', 'Špinavý (alebo napr. bordel v izbe)', 'pridavne meno', NULL, '2023-05-10'),
(32, 'Kibishii', 'Prísny', 'pridavne meno', NULL, '2023-05-10'),
(33, 'Chikai', 'Blízko', 'pridavne meno', NULL, '2023-05-10'),
(34, 'Iroiro(na)', 'Rôzny/viacdruhov', 'pridavne meno', NULL, '2023-05-10'),
(35, 'Kechi(na)', 'Lakomý', 'pridavne meno', NULL, '2023-05-10'),
(36, 'Karai', 'Pikantné', 'pridavne meno', NULL, '2023-05-10'),
(37, 'Dame', 'Nedobré', 'pridavne meno', NULL, '2023-05-10'),
(38, 'Yukkuri/Motto yukkuri', 'Pomalšie/Trochu pomalšie', 'pridavne meno', NULL, '2023-05-10'),
(39, 'Saitei', 'Najhorší', 'pridavne meno', NULL, '2023-05-10'),
(40, 'Abunai/Kiken(na)', 'Nebezpečný', 'pridavne meno', NULL, '2023-05-10'),
(41, 'Sukunai', 'Málo', 'pridavne meno', NULL, '2023-05-10'),
(42, 'Tsuyoi', 'Silný', 'pridavne meno', NULL, '2023-05-10'),
(43, 'Nomu', 'Piť', 'sloveso', NULL, '2023-05-10'),
(44, 'Taberu', 'Jesť', 'sloveso', NULL, '2023-05-10'),
(45, 'Kotaeru', 'Odpovedať', 'sloveso', NULL, '2023-05-10'),
(46, 'Youkoso', 'Vitajte', 'sloveso', NULL, '2023-05-10'),
(47, 'Tatsu', 'Vstať', 'sloveso', NULL, '2023-05-10'),
(48, 'Tateru', 'Stavať (budovu)', 'sloveso', NULL, '2023-05-10'),
(49, 'Ukeru', 'Prijať', 'sloveso', NULL, '2023-05-10'),
(50, 'Futte', 'Padá (napr. dážď)', 'sloveso', NULL, '2023-05-10'),
(51, 'Akeru', 'Otvoriť', 'sloveso', NULL, '2023-05-10'),
(52, 'Suwaru', 'Sadnúť si', 'sloveso', NULL, '2023-05-10'),
(53, 'Yomu', 'Čítať', 'sloveso', NULL, '2023-05-10'),
(54, 'Oboeru', 'Pamätať si', 'sloveso', NULL, '2023-05-10'),
(55, 'Ageru', 'Darovať/Dať/Vyprážať', 'sloveso', NULL, '2023-05-10'),
(56, 'Morau', 'Obdržať/prijať', 'sloveso', NULL, '2023-05-10'),
(57, 'Odoru', 'Tančiť', 'sloveso', NULL, '2023-05-10'),
(58, 'Oyogu', 'Plávať', 'sloveso', NULL, '2023-05-10'),
(59, 'Asobu', 'Hrať niečo/sa', 'sloveso', NULL, '2023-05-10'),
(60, 'Kiru', 'Rezať/sekať', 'sloveso', NULL, '2023-05-10'),
(61, 'Kiru', 'Obliecť/mať oblečené (oblečenie)', 'sloveso', NULL, '2023-05-10'),
(62, 'Yaru', 'Urobiť', 'sloveso', NULL, '2023-05-10'),
(63, 'Suru', 'Robiť', 'sloveso', NULL, '2023-05-10'),
(64, 'Harau', 'Zaplatiť', 'sloveso', NULL, '2023-05-10'),
(65, 'Kimeru', 'Rozhodnúť sa', 'sloveso', NULL, '2023-05-10'),
(66, 'Narau', 'Naučiť sa', 'sloveso', NULL, '2023-05-10'),
(67, 'Kau(kawanai/kaimasu)', 'Kúpiť', 'sloveso', NULL, '2023-05-10'),
(68, 'Ryokou suru', 'Cestovať', 'sloveso', NULL, '2023-05-10'),
(69, 'Noru', 'Nasadnút(do vlaku)/jazdiť (na bicykli)', 'sloveso', NULL, '2023-05-10'),
(70, 'Noboru', 'Vyliezť (napr. na horu)', 'sloveso', NULL, '2023-05-10'),
(71, 'Hairu', 'Vojsť niekam (napr. do miestnosti)', 'sloveso', NULL, '2023-05-10'),
(72, 'Saboru', 'Flákať (napr. školu)', 'sloveso', NULL, '2023-05-10'),
(73, 'Nakusu', 'Stratiť niečo', 'sloveso', NULL, '2023-05-10'),
(74, 'Neru', 'Spať', 'sloveso', NULL, '2023-05-10'),
(75, 'Uso o tsuku', 'Klamať', 'sloveso', NULL, '2023-05-10'),
(76, 'Hanareru', 'Odísť/Vzdialiť sa od (niekoho/niečoho)', 'sloveso', NULL, '2023-05-10'),
(77, 'Kasu', 'Požičať', 'sloveso', NULL, '2023-05-10'),
(78, 'Kariru', 'Požičať si', 'sloveso', NULL, '2023-05-10'),
(79, 'Ganbaru', 'Snažiť sa', 'sloveso', NULL, '2023-05-10'),
(80, 'Naku', 'Plakať', 'sloveso', NULL, '2023-05-10'),
(81, 'Yakusoku o mamoru', 'Držať slovo', 'sloveso', NULL, '2023-05-10'),
(82, 'Matsu', 'Čakať', 'sloveso', NULL, '2023-05-10'),
(83, 'Yameru', 'Prestať', 'sloveso', NULL, '2023-05-10'),
(84, 'Mottekuru', 'Priniesť', 'sloveso', NULL, '2023-05-10'),
(85, 'Utau', 'Spievať', 'sloveso', NULL, '2023-05-10'),
(86, 'Tsukuru', 'Vyrobiť', 'sloveso', NULL, '2023-05-10'),
(87, 'Kiku', 'Počúvať/Počuť', 'sloveso', NULL, '2023-05-10'),
(88, 'Kuru', 'Prísť', 'sloveso', NULL, '2023-05-10'),
(89, 'Kaesu', 'Vrátiť', 'sloveso', NULL, '2023-05-10'),
(90, 'Kaeru', 'Vrátiť sa', 'sloveso', NULL, '2023-05-10'),
(91, 'Dekiru', 'Dokázať/môcť', 'sloveso', NULL, '2023-05-10'),
(92, 'Dekake', 'Ísť von (z domu napr.)', 'sloveso', NULL, '2023-05-10'),
(93, 'Yobu', 'Volať (na niekoho)', 'sloveso', NULL, '2023-05-10'),
(94, 'Denwa suru', 'Volať (mobilom niekomu)', 'sloveso', NULL, '2023-05-10'),
(95, 'ha o migaku/migaiteimasu', 'Čistiť si zuby', 'sloveso', NULL, '2023-05-10'),
(96, 'Karada o undou/renshuu suru', 'Cvičiť (telo)', 'sloveso', NULL, '2023-05-10'),
(97, 'Hiku', 'Hrať na strunový nástroj/Ťahať k sebe dvere', 'sloveso', NULL, '2023-05-10'),
(98, 'Kyomi ga nai', 'Nemáť záujem o niekoho/niečo', 'sloveso', NULL, '2023-05-10'),
(99, 'Hitsuyou desu', 'Potrebujem', 'sloveso', NULL, '2023-05-10'),
(100, 'Tsukau', 'Použiť', 'sloveso', NULL, '2023-05-10'),
(101, 'Yasumu', 'Oddychovať', 'sloveso', NULL, '2023-05-10'),
(102, 'Yaseru', 'Schudnúť', 'sloveso', NULL, '2023-05-10'),
(103, 'Yasete imasu', 'Byť chudý', 'sloveso', NULL, '2023-05-10'),
(104, 'Suteru', 'Opustiť', 'sloveso', NULL, '2023-05-10'),
(105, 'Tsukiau', 'Robiť spoločnosť/ísť s niekým', 'sloveso', NULL, '2023-05-10'),
(106, 'Tsureru (tsurete iru)', 'Zobrať niekoho niekam', 'sloveso', NULL, '2023-05-10'),
(107, 'Hoshii', 'Chcieť', 'sloveso', NULL, '2023-05-10'),
(108, 'Akirameru', 'Vzdať sa', 'sloveso', NULL, '2023-05-10'),
(109, 'Uru', 'Predať', 'sloveso', NULL, '2023-05-10'),
(110, 'Sagasu', 'Hľadať', 'sloveso', NULL, '2023-05-10'),
(111, 'Sasou', 'Pozvať', 'sloveso', NULL, '2023-05-10'),
(112, 'Kiotsukete', 'Dávať si pozor', 'sloveso', NULL, '2023-05-10'),
(113, 'Shiraberu', 'Zistiť/Skontrolovať/Pátrať', 'sloveso', NULL, '2023-05-10'),
(114, 'Yoyaku suru', 'Rezervovať', 'sloveso', NULL, '2023-05-10'),
(116, 'Orosu', 'Vybrať (peniaze - okane o orosu)', 'sloveso', NULL, '2023-05-10'),
(117, 'Tomaru', 'Zastaviť', 'sloveso', NULL, '2023-05-10'),
(118, 'Chuushi suru', 'Zrušiť', 'sloveso', NULL, '2023-05-10'),
(119, 'Kureru', 'Dať (ten čo hovorí to nedaroval)', 'sloveso', NULL, '2023-05-10'),
(120, 'Sotsugyou suru', 'Absolvovoať (školu)', 'sloveso', NULL, '2023-05-10'),
(121, 'Junbi suru/Youi', 'Pripraviť sa na niečo', 'sloveso', NULL, '2023-05-10'),
(122, 'Okosu', 'Zobudiť', 'sloveso', NULL, '2023-05-10'),
(123, 'Tsureteiku', 'Zobrať niekoho zosebou', 'sloveso', NULL, '2023-05-10'),
(124, 'Naosu', 'Opraviť', 'sloveso', NULL, '2023-05-10'),
(125, 'Mayou', 'Stratiť sa/Váhať', 'sloveso', NULL, '2023-05-10'),
(126, 'Mitsukeru', 'Nájsť niečo', 'sloveso', NULL, '2023-05-10'),
(127, 'Mukaeniiku', 'Vyzdvihnúť niečo/niekoho', 'sloveso', NULL, '2023-05-10'),
(128, 'Yakusu', 'Preložiť', 'sloveso', NULL, '2023-05-10'),
(129, 'Oshieru', 'Učiť', 'sloveso', NULL, '2023-05-10'),
(130, 'Warau', 'Smiať sa', 'sloveso', NULL, '2023-05-10'),
(131, 'Atsumeru', 'Zbierať', 'sloveso', NULL, '2023-05-10'),
(132, 'Nori o kureru', 'Zmeškať (vlak/ bus...)', 'sloveso', NULL, '2023-05-10'),
(133, 'Miseru', 'Ukázať niečo', 'sloveso', NULL, '2023-05-10'),
(134, 'Annai suru', 'Ukázať vám to tu (napr. pracovisko/školu)', 'sloveso', NULL, '2023-05-10'),
(135, 'Setsumei suru', 'Vysvetliť', 'sloveso', NULL, '2023-05-10'),
(136, 'Asanebou suru', 'Zaspať', 'sloveso', NULL, '2023-05-10'),
(137, 'Ogoru', 'Dopriať niekomu', 'sloveso', NULL, '2023-05-10'),
(138, 'Ochikomu', 'Byť depresívny', 'sloveso', NULL, '2023-05-10'),
(139, 'Dasu', 'Dať niečo von', 'sloveso', NULL, '2023-05-10'),
(140, 'Nai (nakute)', 'Zápor', 'sloveso', NULL, '2023-05-10'),
(141, 'Erabu', 'Vybrať', 'sloveso', NULL, '2023-05-10'),
(142, 'Oyu o wakasu', 'Variť vodu', 'sloveso', NULL, '2023-05-10'),
(143, 'Negu', 'Vyzlieť (oblečenie)', 'sloveso', NULL, '2023-05-10'),
(144, 'Hige o suru', 'Oholiť sa', 'sloveso', NULL, '2023-05-10'),
(145, 'Umareru', 'Narodiť sa', 'sloveso', NULL, '2023-05-10'),
(146, 'Kagi o kakeru', 'Zamknúť', 'sloveso', NULL, '2023-05-10'),
(147, 'Nareru', 'Zvyknúť si', 'sloveso', NULL, '2023-05-10'),
(148, 'Oinori suru', 'Modliť sa', 'sloveso', NULL, '2023-05-10'),
(149, 'Shuushoku suru', 'Dostať prácu na plný úväzok', 'sloveso', NULL, '2023-05-10'),
(150, 'Kekkon suru', 'Oženiť sa', 'sloveso', NULL, '2023-05-10'),
(151, 'Rikon suru', 'Rozviesť sa', 'sloveso', NULL, '2023-05-10'),
(152, 'Omedetou gozaimasu', 'Gratulujem', 'sloveso', NULL, '2023-05-10'),
(153, 'Sodachi', 'Vychovať', 'sloveso', NULL, '2023-05-10'),
(154, 'Konzatsu suru', 'Byť preplnený (napr. kino bolo plné ľudí)', 'sloveso', NULL, '2023-05-10'),
(155, 'Saraarai/Shokki o suru', 'Umyť riad', 'sloveso', NULL, '2023-05-10'),
(156, 'Kouen', 'Park', 'podstatne meno', 1, '2023-05-10'),
(157, 'Shizen', 'Príroda', 'podstatne meno', 1, '2023-05-10'),
(159, 'Sakaba', 'Bar/ putyka', 'podstatne meno', 1, '2023-05-10'),
(160, 'Mise', 'Obchod', 'podstatne meno', 1, '2023-05-10'),
(161, 'Shoppingumooru', 'Obchodné centrum', 'podstatne meno', 1, '2023-05-10'),
(162, 'Doubutsuen', 'Zoo', 'podstatne meno', 1, '2023-05-10'),
(163, 'Hikouki', 'Lietadlo', 'podstatne meno', 2, '2023-05-10'),
(164, 'Tabi', 'Cesta', 'podstatne meno', 2, '2023-05-10'),
(165, 'Sanpo', 'Prechádzka', 'podstatne meno', 2, '2023-05-10'),
(166, 'Chizu', 'Mapa', 'podstatne meno', 2, '2023-05-10'),
(167, 'Basu', 'Autobus', 'podstatne meno', 2, '2023-05-10'),
(168, 'Basutei', 'Autobusová zastávka', 'podstatne meno', 2, '2023-05-10'),
(169, 'Densha', 'Vlak', 'podstatne meno', 2, '2023-05-10'),
(170, 'Kankou', 'Výhľad/Prehliadka pamiatok', 'podstatne meno', 2, '2023-05-10'),
(171, 'Eki', 'Stanica', 'podstatne meno', 2, '2023-05-10'),
(172, 'Jitensha', 'Bicykel', 'podstatne meno', 2, '2023-05-10'),
(173, 'Kuruma', 'Auto', 'podstatne meno', 2, '2023-05-10'),
(174, 'Gaikoku', 'Cudzia krajina', 'podstatne meno', 2, '2023-05-10'),
(175, 'Nimotsu', 'Batožina', 'podstatne meno', 2, '2023-05-10'),
(176, 'Ekiin', 'Obsluha stanice', 'podstatne meno', 2, '2023-05-10'),
(177, 'Michi', 'Smer/Cesta', 'podstatne meno', 2, '2023-05-10'),
(178, 'Ryokou kaisha', 'Cestovka', 'podstatne meno', 2, '2023-05-10'),
(179, 'Maru/Zero', '0', 'podstatne meno', 3, '2023-05-10'),
(180, 'Ichi', '1', 'podstatne meno', 3, '2023-05-10'),
(181, 'Ni', '2', 'podstatne meno', 3, '2023-05-10'),
(182, 'San', '3', 'podstatne meno', 3, '2023-05-10'),
(183, 'Yon/Shi', '4', 'podstatne meno', 3, '2023-05-10'),
(184, 'Go', '5', 'podstatne meno', 3, '2023-05-10'),
(185, 'Roku', '6', 'podstatne meno', 3, '2023-05-10'),
(186, 'Nana/Shichi', '7', 'podstatne meno', 3, '2023-05-10'),
(187, 'Hachi', '8', 'podstatne meno', 3, '2023-05-10'),
(188, 'Kyuu', '9', 'podstatne meno', 3, '2023-05-10'),
(189, 'Juu', '10', 'podstatne meno', 3, '2023-05-10'),
(190, 'Juuichi', '11', 'podstatne meno', 3, '2023-05-10'),
(191, 'Nijuu', '20', 'podstatne meno', 3, '2023-05-10'),
(192, 'Nijuuichi', '21', 'podstatne meno', 3, '2023-05-10'),
(193, 'Hyaku', '100', 'podstatne meno', 3, '2023-05-10'),
(194, 'Nihyaku', '200', 'podstatne meno', 3, '2023-05-10'),
(195, 'Sen', '1000', 'podstatne meno', 3, '2023-05-10'),
(196, 'Nisen', '2000', 'podstatne meno', 3, '2023-05-10'),
(197, 'Man', '10000', 'podstatne meno', 3, '2023-05-10'),
(198, 'Niman', '20000', 'podstatne meno', 3, '2023-05-10'),
(199, 'Getsuyoubi', 'Pondelok', 'podstatne meno', 4, '2023-05-10'),
(200, 'Kayoubi', 'Utorok', 'podstatne meno', 4, '2023-05-10'),
(201, 'Suiyoubi', 'Streda', 'podstatne meno', 4, '2023-05-10'),
(202, 'Mokuyoubi', 'Štvrtok', 'podstatne meno', 4, '2023-05-10'),
(203, 'Kinyoubi', 'Piatok', 'podstatne meno', 4, '2023-05-10'),
(204, 'Doyoubi', 'Sobota', 'podstatne meno', 4, '2023-05-10'),
(205, 'Nichiyoubi', 'Nedeľa ', 'podstatne meno', 4, '2023-05-10'),
(206, 'Ichigatsu', 'Január (mesiace v roku= číslo+gatsu)', 'podstatne meno', 4, '2023-05-10'),
(207, 'Shigatsu', 'Apríl', 'podstatne meno', 4, '2023-05-10'),
(208, 'Shichigatsu', 'Júl', 'podstatne meno', 4, '2023-05-10'),
(209, 'Kugatsu', 'September', 'podstatne meno', 4, '2023-05-10'),
(210, 'Kono shuumatsu', 'Tento víkend', 'podstatne meno', 4, '2023-05-10'),
(211, 'Senshuumatsu', 'Minulý víkend', 'podstatne meno', 4, '2023-05-10'),
(212, 'Raishuumatsu', 'Budúci víkend', 'podstatne meno', 4, '2023-05-10'),
(213, 'Konshuu', 'Tento týždeň', 'podstatne meno', 4, '2023-05-10'),
(214, 'Senshuu', 'Minulý týždeň', 'podstatne meno', 4, '2023-05-10'),
(215, 'Raishuu', 'Budúci týždeň', 'podstatne meno', 4, '2023-05-10'),
(216, 'Asa', 'Ráno', 'podstatne meno', 4, '2023-05-10'),
(217, 'Yoru/ban', 'noc/večer (ban je v slovných spojeniach napr. bangohan)', 'podstatne meno', 4, '2023-05-10'),
(218, 'Kyou', 'Dnes', 'podstatne meno', 4, '2023-05-10'),
(219, 'Kinou', 'Včera', 'podstatne meno', 4, '2023-05-10'),
(220, 'Ashita', 'Zajtra', 'podstatne meno', 4, '2023-05-10'),
(221, 'Heya', 'Izba', 'podstatne meno', 5, '2023-05-10'),
(222, 'Ima', 'Obývačka', 'podstatne meno', 5, '2023-05-10'),
(223, 'Shinshitsu', 'Spálňa', 'podstatne meno', 5, '2023-05-10'),
(224, 'Daidokoro', 'Kuchyňa', 'podstatne meno', 5, '2023-05-10'),
(225, 'Otearai/Yokushitsu', 'Kúpeľňa', 'podstatne meno', 5, '2023-05-10'),
(226, 'Shokudou/Daininguruumu', 'Jedáleň', 'podstatne meno', 5, '2023-05-10'),
(227, 'Rouka', 'Hala/Chodba', 'podstatne meno', 5, '2023-05-10'),
(228, 'Barukonii', 'Balkón', 'podstatne meno', 5, '2023-05-10'),
(229, 'Ofuro', 'Kúpeľ', 'podstatne meno', 5, '2023-05-10'),
(230, 'Shawaa', 'Sprcha', 'podstatne meno', 5, '2023-05-10'),
(231, 'Sofaa', 'Gauč', 'podstatne meno', 5, '2023-05-10'),
(232, 'Isu', 'Stolička', 'podstatne meno', 5, '2023-05-10'),
(233, 'Beddo', 'Posteľ', 'podstatne meno', 5, '2023-05-10'),
(234, 'Ranpu', 'Lampa', 'podstatne meno', 5, '2023-05-10'),
(235, 'Mattoresu', 'Matrac', 'podstatne meno', 5, '2023-05-10'),
(236, 'Terebi', 'Televízia', 'podstatne meno', 5, '2023-05-10'),
(237, 'Teburu', 'Stôl', 'podstatne meno', 5, '2023-05-10'),
(238, 'Sentakuki', 'Práčka', 'podstatne meno', 5, '2023-05-10'),
(239, 'Gomibako', 'Kôš', 'podstatne meno', 5, '2023-05-10'),
(240, 'Makura', 'Vankúš', 'podstatne meno', 5, '2023-05-10'),
(241, 'Shitsu', 'Plachta', 'podstatne meno', 5, '2023-05-10'),
(242, 'Toire/Otearai', 'WC', 'podstatne meno', 5, '2023-05-10'),
(243, 'Kagami', 'Zrkadlo', 'podstatne meno', 5, '2023-05-10'),
(244, 'Toirettopeepaa', 'Toaleťák', 'podstatne meno', 5, '2023-05-10'),
(246, 'Oobun', 'Rúra', 'podstatne meno', 5, '2023-05-10'),
(247, 'Fuka nabe', 'Hrniec', 'podstatne meno', 5, '2023-05-10'),
(248, 'Furaipan', 'Panvica', 'podstatne meno', 5, '2023-05-10'),
(249, 'Supuun', 'Lyžica', 'podstatne meno', 5, '2023-05-10'),
(250, 'Naifu', 'Nôž', 'podstatne meno', 5, '2023-05-10'),
(251, 'Fooku', 'Vidlička', 'podstatne meno', 5, '2023-05-10'),
(252, 'Koppu', 'Pohár', 'podstatne meno', 5, '2023-05-10'),
(253, 'Sara', 'Tanier', 'podstatne meno', 5, '2023-05-10'),
(254, 'Chawan', 'Miska', 'podstatne meno', 5, '2023-05-10'),
(257, 'Niwa', 'Záhrada', 'podstatne meno', 5, '2023-05-10'),
(258, 'Taoru', 'Uterák', 'podstatne meno', 5, '2023-05-10'),
(259, 'Kagi', 'Kľúče', 'podstatne meno', 5, '2023-05-10'),
(260, 'Mado', 'Okno', 'podstatne meno', 5, '2023-05-10'),
(261, 'Sekken', 'Mydlo', 'podstatne meno', 5, '2023-05-10'),
(262, 'Haburashi', 'Zubná kefka', 'podstatne meno', 5, '2023-05-10'),
(263, 'Hamigakiko', 'Zubná pasta', 'podstatne meno', 5, '2023-05-10'),
(264, 'Konsento', 'Elektrická zásuvka', 'podstatne meno', 5, '2023-05-10'),
(265, 'Ragu', 'Koberec', 'podstatne meno', 5, '2023-05-10'),
(266, 'Yuka', 'Podlaha', 'podstatne meno', 5, '2023-05-10'),
(267, 'Tenjou', 'Strop', 'podstatne meno', 5, '2023-05-10'),
(268, 'Saraarai/Shokki', 'Riad', 'podstatne meno', 5, '2023-05-10'),
(269, 'Hoteru', 'Hotel', 'podstatne meno', 6, '2023-05-10'),
(270, 'Paku/Nanpaku/Sanpaku', 'Počet nocí/koľko nocí/3 noci', 'podstatne meno', 6, '2023-05-10'),
(271, '-tsuki', 'S niečím', 'podstatne meno', 6, '2023-05-10'),
(272, 'Shokuji tsuki', 'S jedlom', 'podstatne meno', 6, '2023-05-10'),
(273, 'Ippaku ni shokuji tsuki', 'Jedna noc s dvoma jedlami', 'podstatne meno', 6, '2023-05-10'),
(274, 'Chekkuin', 'Ubytovať sa (Check in)', 'podstatne meno', 6, '2023-05-10'),
(275, 'Chekkuauto', 'Odubytovanie (Check out)', 'podstatne meno', 6, '2023-05-10'),
(276, 'Shinguru', 'Jednoposteľová', 'podstatne meno', 6, '2023-05-10'),
(277, 'Daburu', 'Dvojposteľová', 'podstatne meno', 6, '2023-05-10'),
(278, '-mei/nan mei/san mei', 'Počet osôb/koľko osôb/3 osoby', 'podstatne meno', 6, '2023-05-10'),
(279, 'Furonto', 'Recepčná', 'podstatne meno', 6, '2023-05-10'),
(280, 'Okyakusan', 'Zákazník/klient/hosť', 'podstatne meno', 6, '2023-05-10'),
(281, 'Kuredito kaado de haraemasu ka ?', 'Môžem platiť kreditnou kartou ?', 'podstatne meno', 6, '2023-05-10'),
(282, 'Niji made nimotsu o azukatte kuremasen ka ?', 'Môžem si tu u vás nechať batožinu do 2. hodiny?', 'podstatne meno', 6, '2023-05-10'),
(284, 'Ippaku wa ikura desu ka', 'Koľko stojí 1 noc?', 'podstatne meno', 6, '2023-05-10'),
(285, 'Okashi', 'Sladkosť', 'podstatne meno', 7, '2023-05-10'),
(286, 'Chiizu', 'Syr', 'podstatne meno', 7, '2023-05-10'),
(287, 'Niku', 'Mäso', 'podstatne meno', 7, '2023-05-10'),
(288, 'Butaniku', 'Bravčové mäso', 'podstatne meno', 7, '2023-05-10'),
(289, 'Sakana', 'Ryba', 'podstatne meno', 7, '2023-05-10'),
(290, 'Sooseeji', 'Párky', 'podstatne meno', 7, '2023-05-10'),
(291, 'Tamago', 'Vajcia', 'podstatne meno', 7, '2023-05-10'),
(292, 'Jagaimono', 'Zemiaky', 'podstatne meno', 7, '2023-05-10'),
(293, 'Gohan/Raisu/Kome', 'Ryža', 'podstatne meno', 7, '2023-05-10'),
(294, 'Pan', 'Chlieb', 'podstatne meno', 7, '2023-05-10'),
(295, 'Kechappu', 'Kečup', 'podstatne meno', 7, '2023-05-10'),
(296, 'Mayoneezu', 'Majonéza', 'podstatne meno', 7, '2023-05-10'),
(297, 'Tarutaru soosu', 'Tatarská omáčka', 'podstatne meno', 7, '2023-05-10'),
(298, 'Masutaado', 'Horčica', 'podstatne meno', 7, '2023-05-10'),
(299, 'Yasai', 'Zelenina', 'podstatne meno', 7, '2023-05-10'),
(300, 'Kudamono', 'Ovocie', 'podstatne meno', 7, '2023-05-10'),
(301, 'Tomato', 'Paradajka', 'podstatne meno', 7, '2023-05-10'),
(302, 'Keeki', 'Zákusok', 'podstatne meno', 7, '2023-05-10'),
(303, 'Tatsu', 'Vstať', 'podstatne meno', 7, '2023-05-10'),
(304, 'Asagohan', 'Raňajky', 'podstatne meno', 7, '2023-05-10'),
(305, 'Hirugohan', 'Obed', 'podstatne meno', 7, '2023-05-10'),
(306, 'Bangohan', 'Večera', 'podstatne meno', 7, '2023-05-10'),
(307, 'Satou', 'Cukor', 'podstatne meno', 7, '2023-05-10'),
(308, 'Shio', 'Soľ', 'podstatne meno', 7, '2023-05-10'),
(309, 'Surobakia', 'Slovensko', 'podstatne meno', 8, '2023-05-10'),
(310, 'Nihon', 'Japonsko', 'podstatne meno', 8, '2023-05-10'),
(311, 'Cheko', 'Česko', 'podstatne meno', 8, '2023-05-10'),
(312, 'Burugaria', 'Bulharsko', 'podstatne meno', 8, '2023-05-10'),
(313, 'Hangarii', 'Maďarsko', 'podstatne meno', 8, '2023-05-10'),
(314, 'Amerika', 'Amerika', 'podstatne meno', 8, '2023-05-10'),
(315, 'Chuugoku', 'Čína', 'podstatne meno', 8, '2023-05-10'),
(316, 'Furansu', 'Francúzsko', 'podstatne meno', 8, '2023-05-10'),
(317, 'Doitsu', 'Nemecko', 'podstatne meno', 8, '2023-05-10'),
(318, 'Byouin', 'Nemocnica', 'podstatne meno', 9, '2023-05-10'),
(319, 'Hoken', 'Poistenie', 'podstatne meno', 9, '2023-05-10'),
(320, 'Kyappu', 'Čiapka', 'podstatne meno', 10, '2023-05-10'),
(321, 'Boushi', 'Klobúk', 'podstatne meno', 10, '2023-05-10'),
(322, 'Shatsu', 'Košela', 'podstatne meno', 10, '2023-05-10'),
(323, 'Ti-shatsu', 'Tričko', 'podstatne meno', 10, '2023-05-10'),
(324, 'Jaketto', 'Bunda', 'podstatne meno', 10, '2023-05-10'),
(325, 'Kooto', 'Kabát', 'podstatne meno', 10, '2023-05-10'),
(326, 'Seetaa', 'Sveter', 'podstatne meno', 10, '2023-05-10'),
(327, 'Suutsu', 'Oblek', 'podstatne meno', 10, '2023-05-10'),
(328, 'Doresu', 'Šaty', 'podstatne meno', 10, '2023-05-10'),
(329, 'Reinkooto', 'Pršiplášť', 'podstatne meno', 10, '2023-05-10'),
(330, 'Tebukuro', 'Rukavice', 'podstatne meno', 10, '2023-05-10'),
(331, 'Pajama', 'Pyžamo', 'podstatne meno', 10, '2023-05-10'),
(332, 'Roobu', 'Župan', 'podstatne meno', 10, '2023-05-10'),
(333, 'Burajaa', 'Podprsenka', 'podstatne meno', 10, '2023-05-10'),
(334, 'Pantsu', 'Nohavice', 'podstatne meno', 10, '2023-05-10'),
(335, 'Jiinzu', 'Rifle', 'podstatne meno', 10, '2023-05-10'),
(336, 'Sukaato', 'Sukňa', 'podstatne meno', 10, '2023-05-10'),
(337, 'Shitagi', 'Spodná bielizeň', 'podstatne meno', 10, '2023-05-10'),
(338, 'Kutsushita/Sokkusu', 'Ponožky', 'podstatne meno', 10, '2023-05-10'),
(339, 'Sutokkingu', 'Pančuchy/stockings', 'podstatne meno', 10, '2023-05-10'),
(340, 'Pansuto', 'Pančucháče/pantyhose', 'podstatne meno', 10, '2023-05-10'),
(341, 'Kutsu/Buutsu', 'Topánky', 'podstatne meno', 10, '2023-05-10'),
(342, 'Sandaru', 'Sandále', 'podstatne meno', 10, '2023-05-10'),
(343, 'Surippa', 'Papuče', 'podstatne meno', 10, '2023-05-10'),
(344, 'Kashu', 'Spevák', 'podstatne meno', 11, '2023-05-10'),
(345, 'Keisatsu', 'Polícia', 'podstatne meno', 1, '2023-05-10'),
(346, 'Haiyuu', 'Herec', 'podstatne meno', 11, '2023-05-10'),
(347, 'Joyuu', 'Herečka', 'podstatne meno', 11, '2023-05-10'),
(348, 'Shinseki', 'Príbuzní', 'podstatne meno', 11, '2023-05-10'),
(349, 'Soto', 'Vonku', 'podstatne meno', 19, '2023-05-10'),
(350, 'Katachi', 'Tvar (niečoho)', 'podstatne meno', 12, '2023-05-10'),
(351, 'Mokuteki', 'Cieľ', 'podstatne meno', 12, '2023-05-10'),
(352, 'Shitsumon', 'Otázka', 'podstatne meno', 20, '2023-05-10'),
(353, 'Sumi', 'Roh(napr. stola)', 'podstatne meno', 12, '2023-05-10'),
(354, 'Shiken', 'Skúška', 'podstatne meno', 25, '2023-05-10'),
(355, 'Seiseki', 'Známky (v škole)', 'podstatne meno', 25, '2023-05-10'),
(356, 'Omocha', 'Hračka', 'podstatne meno', 12, '2023-05-10'),
(357, 'Denki', 'Elektrina', 'podstatne meno', 12, '2023-05-10'),
(358, 'Kaisha', 'Spoločnosť/korporácia', 'podstatne meno', 12, '2023-05-10'),
(359, 'Gakki/Kongakki', 'Semester/Tento semester', 'podstatne meno', 25, '2023-05-10'),
(360, 'Shourai', 'Budúcnosť', 'podstatne meno', 12, '2023-05-10'),
(361, 'Yama', 'Hora', 'podstatne meno', 12, '2023-05-10'),
(362, 'Yasumi', 'Prázdniny', 'podstatne meno', 25, '2023-05-10'),
(363, 'Shigoto', 'Práca', 'podstatne meno', 12, '2023-05-10'),
(364, 'Uso', 'Klamstvo', 'podstatne meno', 12, '2023-05-10'),
(365, 'Kyuujitsu', 'Voľný deň/dovolenka', 'podstatne meno', 12, '2023-05-10'),
(366, 'Basho/Tokoro', 'Miesto (konkrétne/všeobecné)', 'podstatne meno', 19, '2023-05-10'),
(367, 'Gaikokugo', 'Cudzí jazyk', 'podstatne meno', 2, '2023-05-10'),
(368, 'Gakki', 'Hudobný nástroj', 'podstatne meno', 12, '2023-05-10'),
(369, 'Yakusoku', 'Sľub', 'podstatne meno', 12, '2023-05-10'),
(370, 'Yubiwa', 'Prsteň', 'podstatne meno', 10, '2023-05-10'),
(371, 'Fantajii', 'Fantasy', 'podstatne meno', 21, '2023-05-10'),
(372, 'Okane', 'Peniaze', 'podstatne meno', 12, '2023-05-10'),
(373, 'Yoyaku', 'Rezervácia', 'podstatne meno', 12, '2023-05-10'),
(375, 'Koukoku', 'Reklama', 'podstatne meno', 12, '2023-05-10'),
(376, 'Keiken', 'Skúsenosť', 'podstatne meno', 12, '2023-05-10'),
(377, 'Denchi', 'Baterky', 'podstatne meno', 12, '2023-05-10'),
(378, 'Yotei', 'Plán', 'podstatne meno', 12, '2023-05-10'),
(379, 'Ookisa', 'Veľkosť', 'podstatne meno', 12, '2023-05-10'),
(380, 'Kenkyuu', 'Výskum', 'podstatne meno', 12, '2023-05-10'),
(381, 'Gomi', 'Odpadky/Odpad', 'podstatne meno', 12, '2023-05-10'),
(382, 'Fuairu', 'Súbor/portfólio', 'podstatne meno', 12, '2023-05-10'),
(383, 'Mezamashi dokei', 'Budík', 'podstatne meno', 12, '2023-05-10'),
(384, 'Choukaku', 'Sluch (zmysel)', 'podstatne meno', 12, '2023-05-10'),
(385, 'Kyuukaku', 'Čuch (zmysel)', 'podstatne meno', 12, '2023-05-10'),
(386, 'Mikaku', 'Chuť (zmysel)', 'podstatne meno', 12, '2023-05-10'),
(387, 'Shikaku', 'Zrak (zmysel)', 'podstatne meno', 12, '2023-05-10'),
(388, 'Shokkaku', 'Hmat (zmysel)', 'podstatne meno', 12, '2023-05-10'),
(389, 'Shougakkou', 'Základná škola', 'podstatne meno', 25, '2023-05-10'),
(390, 'Koukou', 'Stredná škola', 'podstatne meno', 25, '2023-05-10'),
(391, 'Daigaku', 'Vysoká škola', 'podstatne meno', 25, '2023-05-10'),
(392, 'Shougakkin', 'Štipendium', 'podstatne meno', 12, '2023-05-10'),
(393, 'Okurimono/Puresento', 'Darček', 'podstatne meno', 12, '2023-05-10'),
(394, 'Oyu', 'Horúca voda', 'podstatne meno', 12, '2023-05-10'),
(395, 'Himitsu', 'Tajomtsvo', 'podstatne meno', 12, '2023-05-10'),
(397, 'Gyuunyuu/Miruku', 'Mlieko', 'podstatne meno', 13, '2023-05-10'),
(398, 'Sake/Arukoru', 'Alkohol', 'podstatne meno', 13, '2023-05-10'),
(399, 'Biiru', 'Pivo', 'podstatne meno', 13, '2023-05-10'),
(400, 'Tenki', 'Počasie', 'podstatne meno', 14, '2023-05-10'),
(401, 'Kuuki', 'Vzduch', 'podstatne meno', 14, '2023-05-10'),
(402, 'Kaze', 'Vietor', 'podstatne meno', 14, '2023-05-10'),
(403, 'Kisetsu', 'Ročné obdobie', 'podstatne meno', 14, '2023-05-10'),
(404, 'Haru', 'Jar', 'podstatne meno', 14, '2023-05-10'),
(405, 'Natsu', 'Leto', 'podstatne meno', 14, '2023-05-10'),
(406, 'Aki', 'Jeseň', 'podstatne meno', 14, '2023-05-10'),
(407, 'Fuyu', 'Zima', 'podstatne meno', 14, '2023-05-10'),
(408, 'Kion', 'Teplota', 'podstatne meno', 14, '2023-05-10'),
(409, '-do', 'Stupne (napr. godo 5 stupňov celzia)', 'podstatne meno', 14, '2023-05-10'),
(410, 'Yuki', 'Sneh', 'podstatne meno', 14, '2023-05-10'),
(411, 'Ame', 'Dážď', 'podstatne meno', 14, '2023-05-10'),
(412, 'Hare', 'Slnečno', 'podstatne meno', 14, '2023-05-10'),
(413, 'Kumori', 'Zamračené', 'podstatne meno', 14, '2023-05-10'),
(414, 'Atsui', 'Horúco', 'podstatne meno', 14, '2023-05-10'),
(415, 'Samui', 'Zima (teplotou)', 'podstatne meno', 14, '2023-05-10'),
(416, 'Sora', 'Obloha', 'podstatne meno', 14, '2023-05-10'),
(417, 'Tenki wa dou desu ka', 'Ake je počasie ?', 'podstatne meno', 14, '2023-05-10'),
(418, 'Kion wa nan desu ka', 'Aká je teplota ?', 'podstatne meno', 14, '2023-05-10'),
(419, 'Jishin', 'Zemetrasenie', 'podstatne meno', 14, '2023-05-10'),
(420, 'Taifuu', 'Tajfún', 'podstatne meno', 14, '2023-05-10'),
(421, 'Renshuu', 'Cvičenie', 'podstatne meno', 15, '2023-05-10'),
(422, 'Puuru', 'Bazén', 'podstatne meno', 15, '2023-05-10'),
(423, 'Tora', 'Tiger', 'podstatne meno', 16, '2023-05-10'),
(424, 'Saru', 'Opica', 'podstatne meno', 16, '2023-05-10'),
(425, 'Kuma', 'Medveď', 'podstatne meno', 16, '2023-05-10'),
(426, 'Zou', 'Slon', 'podstatne meno', 16, '2023-05-10'),
(427, 'Tori', 'Vták', 'podstatne meno', 16, '2023-05-10'),
(428, 'Iruka', 'Delfín', 'podstatne meno', 16, '2023-05-10'),
(429, 'Same', 'Žralok', 'podstatne meno', 16, '2023-05-10'),
(430, 'Kame', 'Korytnačka', 'podstatne meno', 16, '2023-05-10'),
(431, 'Shishi/Raion', 'Lev', 'podstatne meno', 16, '2023-05-10'),
(432, 'Koumori', 'Netopier', 'podstatne meno', 16, '2023-05-10'),
(433, 'Hebi', 'Had', 'podstatne meno', 16, '2023-05-10'),
(434, 'Ookami', 'Vlk', 'podstatne meno', 16, '2023-05-10'),
(435, 'Kitsune', 'Líška', 'podstatne meno', 16, '2023-05-10'),
(436, 'Usagi', 'Zajac', 'podstatne meno', 16, '2023-05-10'),
(437, 'Uma', 'Kôň', 'podstatne meno', 16, '2023-05-10'),
(438, 'Buta', 'Prasa', 'podstatne meno', 16, '2023-05-10'),
(439, 'Ushi', 'Krava', 'podstatne meno', 16, '2023-05-10'),
(440, 'Neko', 'Mačka', 'podstatne meno', 16, '2023-05-10'),
(441, 'Inu', 'Pes', 'podstatne meno', 16, '2023-05-10'),
(442, 'Kara', 'Od/lebo', 'podstatne meno', 4, '2023-05-10'),
(443, 'Made', 'Do', 'podstatne meno', 4, '2023-05-10'),
(444, 'Aida', 'Medzi', 'podstatne meno', 19, '2023-05-10'),
(445, 'Mada', 'Ešte', 'podstatne meno', 12, '2023-05-10'),
(446, 'Mou', 'Už', 'podstatne meno', 12, '2023-05-10'),
(447, 'Tokorode', 'Inak/btw', 'podstatne meno', 26, '2023-05-10'),
(448, 'Dore/Dochi/Dochira', 'Ktorý/Ktoré', 'podstatne meno', 20, '2023-05-10'),
(449, 'Dare', 'Kto', 'podstatne meno', 20, '2023-05-10'),
(450, 'Doko', 'Kde', 'podstatne meno', 19, '2023-05-10'),
(451, 'Dono gurai', 'Ako dlho', 'podstatne meno', 20, '2023-05-10'),
(452, 'Ikura', 'Koľko', 'podstatne meno', 20, '2023-05-10'),
(453, 'Itsu', 'Kedy', 'podstatne meno', 20, '2023-05-10'),
(454, 'Doushite/Nande', 'Prečo', 'podstatne meno', 20, '2023-05-10'),
(455, 'Donna', 'Aký/Aké', 'podstatne meno', 20, '2023-05-10'),
(456, 'Nani', 'Čo', 'podstatne meno', 20, '2023-05-10'),
(457, 'Kore/Sore/Are', 'Toto/Tento/Tamto', 'podstatne meno', 12, '2023-05-10'),
(458, 'Koko/Soko', 'Tu/Tam', 'podstatne meno', 19, '2023-05-10'),
(459, 'Gurai', 'Približne/okolo', 'podstatne meno', 12, '2023-05-10'),
(460, 'Gozen', 'AM - dopoludnia', 'podstatne meno', 12, '2023-05-10'),
(461, 'Gogo', 'PM - popoludní', 'podstatne meno', 12, '2023-05-10'),
(462, 'Tsugi', 'Ďalší (napr. ďalšie prázdniny = tsugi no yasumi)', 'podstatne meno', 12, '2023-05-10'),
(463, 'Nazenara', 'Pretože', 'podstatne meno', 26, '2023-05-10'),
(464, 'Douzo', 'Nech sa páči', 'podstatne meno', 26, '2023-05-10'),
(465, 'Doumo', 'Ďakujem', 'podstatne meno', 26, '2023-05-10'),
(466, 'Dou itashimashite', 'Nie je zač', 'podstatne meno', 26, '2023-05-10'),
(467, 'Zenbu', 'Všetko', 'podstatne meno', 12, '2023-05-10'),
(468, 'Mae', 'Pred/Vpredu (napr. pred 10 rokmi - juu nen mae)', 'podstatne meno', 4, '2023-05-10'),
(469, 'Ato de', 'Neskôr', 'podstatne meno', 26, '2023-05-10'),
(470, 'Saikin', 'Nedávno/v poslednej dobe', 'podstatne meno', 12, '2023-05-10'),
(471, 'Akemashite omedetou gozaimasu', 'Štastný nový rok ti prajem', 'podstatne meno', 26, '2023-05-10'),
(472, 'X kai', 'X krát/poschodie (napr. 5 krát - go kai)', 'podstatne meno', 26, '2023-05-10'),
(473, 'X dake', 'Robil som len X (hral len hry - geiumu dake o shimashita)', 'podstatne meno', 26, '2023-05-10'),
(475, 'Kore kara', 'Odteraz', 'podstatne meno', 12, '2023-05-10'),
(476, 'Jibunde', '(niečo spraviť) sám', 'podstatne meno', 26, '2023-05-10'),
(477, 'Tatoeba', 'Napríklad', 'podstatne meno', 12, '2023-05-10'),
(478, 'Yappari', 'Nakoniec/predsalen', 'podstatne meno', 12, '2023-05-10'),
(479, 'Hokano', 'Ostatné', 'podstatne meno', 12, '2023-05-10'),
(480, 'Kondokoso', 'Tentokrát', 'podstatne meno', 26, '2023-05-10'),
(483, 'Te o arau(araimasu)', 'Umyť si ruky', 'sloveso', NULL, '2023-05-24'),
(484, 'Iwanakya', 'Musieť niečo povedať', 'sloveso', NULL, '2023-05-24'),
(485, 'Kyuryou', 'Plat', 'podstatne meno', 12, '2023-05-24'),
(486, 'Shanpuu', 'Šampón', 'podstatne meno', 12, '2023-05-24'),
(487, 'Shouyu', 'Sójová omáčka', 'podstatne meno', 7, '2023-05-24'),
(488, 'Suupu', 'Polievka', 'podstatne meno', 7, '2023-05-24'),
(489, 'Banana', 'Banán', 'podstatne meno', 7, '2023-05-24'),
(490, 'Mushi', 'Hmyz', 'podstatne meno', 16, '2023-05-24'),
(491, 'Reizouko', 'Chladnička', 'podstatne meno', 5, '2023-05-24'),
(492, 'Kibun ga warui', 'Cítiť sa chorý', 'podstatne meno', 9, '2023-05-24'),
(493, 'Aku', 'Otvoriť', 'sloveso', NULL, '2023-05-24'),
(494, 'Ayamaru', 'Ospravedlniť sa (niekomu)', 'sloveso', NULL, '2023-05-24'),
(495, 'Otosu', 'Upustiť (niečo)', 'sloveso', NULL, '2023-05-24'),
(496, 'Korobu', 'Spadnúť', 'sloveso', NULL, '2023-05-24'),
(497, 'Kowasu', 'Rozbiť (niečo)', 'sloveso', NULL, '2023-05-24'),
(498, 'Tasukaru', 'Byť zachránený/dostať pomoc', 'sloveso', NULL, '2023-05-24'),
(499, 'Tanomu', 'Opýtať sa/mať prosbu (na niekoho)', 'sloveso', NULL, '2023-05-24'),
(500, 'Chuumon suru', 'Objednať si (napr. v reštaurácii)', 'sloveso', NULL, '2023-05-24'),
(502, 'Dou shiyou', ' Čo by sme mali urobiť', 'podstatne meno', 26, '2023-05-24'),
(503, 'Mazu', 'Najprv', 'podstatne meno', 12, '2023-05-24'),
(504, 'Kedo', 'Ale (medzi 2 vetami)', 'podstatne meno', 26, '2023-05-24'),
(505, 'Shokuryouhin mise', 'Obchod s potravinami', 'podstatne meno', 1, '2023-05-31'),
(506, 'Shoutai suru/Sasou', 'Pozvať', 'sloveso', NULL, '2023-05-31'),
(507, 'Orei', 'Vyjadrenie vďačnosti', 'podstatne meno', 26, '2023-05-31'),
(508, 'Nakaga ii', 'Uzmieriť sa', 'sloveso', NULL, '2023-05-31'),
(509, 'Majime', 'Seriózny', 'pridavne meno', NULL, '2023-05-31'),
(510, 'Okuru', 'Odviesť autom/Poslať (niekoho)', 'sloveso', NULL, '2023-05-31'),
(511, 'Okoru', 'Nahnevať sa', 'sloveso', NULL, '2023-05-31'),
(512, 'Kimaru', 'Rozhodnúť sa', 'sloveso', NULL, '2023-05-31'),
(513, 'Okureru', 'Meškať', 'sloveso', NULL, '2023-05-31'),
(514, 'Hareru', 'Je slnečno', 'sloveso', NULL, '2023-05-31'),
(515, 'Gochisou suru', 'Pozvať/zaplatiť niekomu za jedlo', 'sloveso', NULL, '2023-05-31'),
(516, 'Chuui suru', 'Varovanie - dávať si pozor', 'sloveso', NULL, '2023-05-31'),
(517, 'Touchaku suru', 'Prísť (niekam)', 'sloveso', NULL, '2023-05-31'),
(518, 'Kantan', 'Jednoduché/ľahké', 'pridavne meno', NULL, '2023-05-31'),
(519, 'Nonbiri', 'Pohodový (napr. človek)', 'pridavne meno', NULL, '2023-05-31'),
(520, 'Makeru', 'Prehrať (napr. zápas)', 'sloveso', NULL, '2023-05-31'),
(521, 'Goro', 'Cca/približne (len pre čas napr. cca o 8 večer)', 'podstatne meno', 12, '2023-05-31'),
(524, 'Kochira/Kocchi', 'Táto osoba/Tadiaľto/Týmto smerom', 'podstatne meno', 12, '2023-06-04'),
(525, 'Uchuujin', 'Mimozemštan', 'podstatne meno', 11, '2023-06-04'),
(526, 'Onigiri', 'Ryžové gule', 'podstatne meno', 7, '2023-06-04'),
(527, 'Kakari no mono', 'Zodpovedná osoba (za niečo)', 'podstatne meno', 11, '2023-06-04'),
(528, 'Kuukou', 'Letisko', 'podstatne meno', 2, '2023-06-04'),
(529, '-ya', 'Koncovka pre obchod s niečím (napr. mäsom)', 'podstatne meno', 1, '2023-06-04'),
(530, 'Omoi', 'Ťažké', 'pridavne meno', NULL, '2023-06-04'),
(531, 'Karui', 'Ľahké', 'pridavne meno', NULL, '2023-06-04'),
(532, 'Itadaku', 'Skromný výraz pre jesť/piť/získať', 'sloveso', NULL, '2023-06-04'),
(533, 'Modoru', 'Vrátiť sa', 'sloveso', NULL, '2023-06-04'),
(534, 'Tsutaeru', 'Predstaviť/Informovať (niekoho) ', 'sloveso', NULL, '2023-06-04'),
(535, 'Koukan suru (X to Y o)', 'Vymeniť', 'sloveso', NULL, '2023-06-04'),
(536, 'Seikatsu suru', 'Viesť život', 'sloveso', NULL, '2023-06-04'),
(537, 'Saa', 'Nie som si istý', 'podstatne meno', 12, '2023-06-04'),
(538, 'Shoushou omachi kudasai', 'Počkajte chvíľu prosím (formálne)', 'podstatne meno', 26, '2023-06-04'),
(539, 'Chotto matte', 'Čakaj chvíľu (neformálne)', 'podstatne meno', 26, '2023-06-04'),
(540, 'Sore dewa', 'Ak je to tak/Tak teda', 'podstatne meno', 26, '2023-06-04'),
(541, 'Dekireba', 'Ak je to možné', 'podstatne meno', 26, '2023-06-04'),
(542, 'Mata', 'Znova', 'podstatne meno', 12, '2023-06-04'),
(543, 'Ka dou ka', 'Či', 'podstatne meno', 26, '2023-06-04'),
(544, 'Kakaru', 'To zaberie (napr. ako dlho to zaberie dostať sa na letisko)', 'sloveso', NULL, '2023-06-04'),
(545, 'Wain', 'Víno', 'podstatne meno', 13, '2023-06-04'),
(548, 'Nanika shimashita ka', 'Robil si niečo?', 'podstatne meno', 20, '2023-06-04'),
(549, 'O ikutsu desu ka', 'Koľko máš rokov?', 'podstatne meno', 20, '2023-06-04'),
(550, 'X to iimasu', 'Volám sa X', 'podstatne meno', 26, '2023-06-04'),
(551, 'Soudan suru', 'Konzultovať', 'sloveso', NULL, '2023-06-13'),
(552, 'Shuuden', 'Posledný vlak', 'podstatne meno', 2, '2023-06-13'),
(553, 'Douryou', 'Kolega', 'podstatne meno', 11, '2023-06-13'),
(554, 'Dorobou', 'Lupič', 'podstatne meno', 11, '2023-06-13'),
(555, 'Hannin', 'Páchateľ/Kriminálnik', 'podstatne meno', 11, '2023-06-13'),
(556, 'Tooi', 'Ďaleko', 'pridavne meno', NULL, '2023-06-13'),
(557, 'Anzen(na)', 'Bezpečne', 'pridavne meno', NULL, '2023-06-13'),
(558, 'Taisetsu(na)', 'Vzácny/Dôležitý(moment/vec)', 'pridavne meno', NULL, '2023-06-13'),
(559, 'Mechakucha(na)', 'Rozhádzaný/Chaotický', 'pridavne meno', NULL, '2023-06-13'),
(560, 'Kigatsuku', 'Všimnúť si', 'sloveso', NULL, '2023-06-13'),
(561, 'Sasu', 'Kusnúť', 'sloveso', NULL, '2023-06-13'),
(562, 'Sawaru', 'Dotknúť sa', 'sloveso', NULL, '2023-06-13'),
(563, 'Tsukamaru', 'Zatknúť', 'sloveso', NULL, '2023-06-13'),
(564, 'Naguru', 'Udrieť', 'sloveso', NULL, '2023-06-13'),
(565, 'Nesumu', 'Ukradnúť', 'sloveso', NULL, '2023-06-13'),
(566, 'Oku', 'Umiestniť', 'sloveso', NULL, '2023-06-13'),
(567, 'Monku o iu', 'Sťažovať sa', 'sloveso', NULL, '2023-06-13'),
(568, 'Yaku', 'Grilovať/Piecť', 'sloveso', NULL, '2023-06-13'),
(569, 'Ijimeru', 'Šikanovať', 'sloveso', NULL, '2023-06-13'),
(570, 'Kigaeru', 'Prezliekať sa', 'sloveso', NULL, '2023-06-13'),
(571, 'Tsuzukeru', 'Pokračovať', 'sloveso', NULL, '2023-06-13'),
(572, 'Homeru', 'Chváliť', 'sloveso', NULL, '2023-06-13'),
(573, 'Machigaeru', 'Pomýliť sa', 'sloveso', NULL, '2023-06-13'),
(574, 'Machi', 'Mesto', 'podstatne meno', 2, '2023-06-13'),
(575, 'Baka ni suru', 'Robiť z niekoho blázna', 'sloveso', NULL, '2023-06-13'),
(576, 'Bikkuri suru', 'Byť prekvapený', 'sloveso', NULL, '2023-06-13'),
(577, 'Renraku suru', 'Kontaktovať niekoho', 'sloveso', NULL, '2023-06-13'),
(578, 'Tonikaku', 'Tak či tak(anyway)', 'podstatne meno', 26, '2023-06-13'),
(579, 'Koro', 'V čase', 'podstatne meno', 12, '2023-06-13'),
(580, 'Sarami', 'Saláma', 'podstatne meno', 7, '2023-06-13'),
(581, 'Mizu', 'Voda', 'podstatne meno', 13, '2023-06-13'),
(582, 'Juusu', 'Džús', 'podstatne meno', 13, '2023-06-13'),
(583, 'Panya', 'Pekáreň', 'podstatne meno', 1, '2023-06-13'),
(584, 'Koohii', 'Káva', 'podstatne meno', 13, '2023-06-13'),
(585, 'Kokoa', 'Kakao', 'podstatne meno', 13, '2023-06-13'),
(586, 'Chokoreito', 'Čokoláda', 'podstatne meno', 7, '2023-06-13'),
(587, 'Ringo', 'Jablko', 'podstatne meno', 7, '2023-06-13'),
(588, 'Ichigo', 'Jahoda', 'podstatne meno', 7, '2023-06-13'),
(589, 'Sakuranbo', 'Čerešna', 'podstatne meno', 7, '2023-06-13'),
(590, 'Suika', 'Melón', 'podstatne meno', 7, '2023-06-13'),
(591, 'Ninjin', 'Mrkva', 'podstatne meno', 7, '2023-06-13'),
(592, 'Kinoko', 'Huba', 'podstatne meno', 7, '2023-06-13'),
(593, 'Gyuuniku', 'Hovädzie mäso', 'podstatne meno', 7, '2023-06-13'),
(594, 'Toriniku', 'Kuracie mäso', 'podstatne meno', 7, '2023-06-13'),
(595, 'Cha', 'Čaj', 'podstatne meno', 13, '2023-06-13'),
(596, 'Anshin', 'Oddýchnutý', 'pridavne meno', NULL, '2023-06-19'),
(597, 'Yuuro', 'Euro', 'podstatne meno', 2, '2023-06-19'),
(598, 'Youroppa', 'Európa', 'podstatne meno', 8, '2023-06-19'),
(599, 'Iu', 'Povedať', 'sloveso', NULL, '2023-06-19'),
(600, 'Kizutsukeru', 'Zraniť sa', 'sloveso', NULL, '2023-06-19'),
(601, 'Ruumu meito', 'Spolubývajúci', 'podstatne meno', 11, '2023-06-19'),
(602, 'Shachou', 'Majiteľ firmy', 'podstatne meno', 11, '2023-06-19'),
(603, 'Tomodachi', 'Kamarát', 'podstatne meno', 11, '2023-06-19'),
(604, 'Aite', 'Oponent/Protihráč (napr. v športe)', 'podstatne meno', 11, '2023-06-19'),
(605, 'Nakama', 'Spoluhráč/Niekto so spoločným cieľom', 'podstatne meno', 11, '2023-06-19'),
(606, 'Uketsuke', 'Recepcia', 'podstatne meno', 6, '2023-06-19'),
(607, 'Hitori gurashi', 'Bývať sám', 'podstatne meno', 5, '2023-06-19'),
(608, 'Buka', 'Podriadený (hodnosťou/v práci)', 'podstatne meno', 11, '2023-06-19'),
(609, 'Urusai', 'Hlučný', 'pridavne meno', NULL, '2023-06-19'),
(610, 'Shinpai(na)', 'Mať starosť', 'pridavne meno', NULL, '2023-06-19'),
(611, 'Hen(na)', 'Zvláštne', 'pridavne meno', NULL, '2023-06-19'),
(612, 'Binbou', 'Chudobný', 'pridavne meno', NULL, '2023-06-19'),
(613, 'Katsu', 'Vyhrať', 'sloveso', NULL, '2023-06-19'),
(614, 'Hashiru', 'Behať', 'sloveso', NULL, '2023-06-19'),
(615, 'Hakobu', 'Nosiť (niečo)', 'sloveso', NULL, '2023-06-19'),
(616, 'Maniau', 'Prísť včas', 'sloveso', NULL, '2023-06-19'),
(617, 'Houtte oku', 'Nechať tak/Opustiť (niekoho/niečo)', 'sloveso', NULL, '2023-06-19'),
(618, 'Sodateru', 'Vychovať (dieťa)', 'sloveso', NULL, '2023-06-19'),
(619, 'Sansei suru', 'Súhlasiť', 'sloveso', NULL, '2023-06-19'),
(620, 'Kuruma o unten suru', 'Šoférovať auto', 'podstatne meno', 2, '2023-06-19'),
(621, 'Goi', 'Slovná zásoba', 'podstatne meno', 25, '2023-06-19'),
(622, 'Joutai', 'Situácia', 'podstatne meno', 12, '2023-06-19'),
(623, 'Tsuchi', 'Zem', 'podstatne meno', 14, '2023-06-19'),
(624, 'Kaminari', 'Blesk', 'podstatne meno', 14, '2023-06-19'),
(625, 'Hi', 'Oheň/Deň', 'podstatne meno', 14, '2023-06-19'),
(626, 'Hikari', 'Svetlo', 'podstatne meno', 14, '2023-06-19'),
(627, 'Kage', 'Tieň', 'podstatne meno', 14, '2023-06-19'),
(628, 'Taiyou', 'Slnko', 'podstatne meno', 14, '2023-06-19'),
(629, 'Kami', 'Boh/Vlasy/Papier', 'podstatne meno', 21, '2023-06-19'),
(630, 'Ki', 'Strom', 'podstatne meno', 12, '2023-06-19'),
(631, 'Jiyuu', 'Sloboda', 'podstatne meno', 12, '2023-06-19'),
(632, 'Purojekuto', 'Projekt', 'podstatne meno', 25, '2023-06-19'),
(633, 'Mudazukai', 'Plýtvanie (peniazmi)', 'podstatne meno', 12, '2023-06-19'),
(634, 'Kaze ga fuku', 'Fukot vetra', 'podstatne meno', 14, '2023-06-19'),
(635, 'Sansei', 'Súhlas', 'podstatne meno', 12, '2023-06-19'),
(636, 'Konna fuu', 'Takto (napr. urob to takto)', 'podstatne meno', 12, '2023-06-19'),
(637, 'Zutto', 'Celý čas (napr. som niečo chcel)', 'podstatne meno', 12, '2023-06-19'),
(638, 'Zettai ni', 'Určite', 'podstatne meno', 26, '2023-06-19'),
(639, 'Nandomo', 'Veľa krát', 'podstatne meno', 12, '2023-06-19'),
(640, 'Chigai', 'Rozdiel', 'podstatne meno', 12, '2023-06-19'),
(641, 'Purezenteishon', 'Prezentácia', 'podstatne meno', 25, '2023-06-19'),
(642, 'Kotoba', 'Slovo', 'podstatne meno', 12, '2023-06-19'),
(643, 'Ka', 'Komár', 'podstatne meno', 16, '2023-06-19'),
(644, 'Shumi', 'Hobby', 'podstatne meno', 12, '2023-06-19'),
(645, 'Senpuuki', 'Ventilátor', 'podstatne meno', 5, '2023-06-19'),
(646, 'Seikaku', 'Povaha', 'podstatne meno', 12, '2023-06-19'),
(647, 'Bunka', 'Kultúra', 'podstatne meno', 12, '2023-06-19'),
(648, 'Machigai', 'Chyba', 'podstatne meno', 12, '2023-06-19'),
(649, 'Monku', 'Sťažnosť', 'podstatne meno', 12, '2023-06-19'),
(650, 'Saisho', 'Prvotná (napr. fáza)', 'podstatne meno', 12, '2023-06-30'),
(651, 'Saishuu', 'Finálna (napr. fáza)', 'podstatne meno', 12, '2023-06-30'),
(652, 'Karada', 'Telo', 'podstatne meno', 17, '2023-06-30'),
(653, 'Sofuto', 'Softvér', 'podstatne meno', 12, '2023-06-30'),
(654, 'Basho', 'Miesto', 'podstatne meno', 2, '2023-06-30'),
(655, 'Risou', 'Ideál', 'podstatne meno', 12, '2023-06-30'),
(656, 'Osewa ni naru', 'Byť v niekoho opatere', 'podstatne meno', 12, '2023-06-30'),
(657, 'Onaka o kowasu', 'Bolesť brucha', 'podstatne meno', 9, '2023-06-30'),
(658, 'Sorosoro', 'Je pomaly čas na...', 'podstatne meno', 26, '2023-06-30'),
(659, 'Kazoku', 'Rodina', 'podstatne meno', 18, '2023-06-30'),
(660, 'Ryoushin', 'Rodičia', 'podstatne meno', 18, '2023-06-30'),
(661, 'Okaa(san)/Haha', 'Matka', 'podstatne meno', 18, '2023-06-30'),
(662, 'Otou(san)/Chichi', 'Otec', 'podstatne meno', 18, '2023-06-30'),
(663, 'Onii(san)/Aniki', 'Starší brat', 'podstatne meno', 18, '2023-06-30'),
(664, 'Onee(san)/Ane', 'Staršia sestra', 'podstatne meno', 18, '2023-06-30'),
(665, 'Otouto', 'Mladší brat', 'podstatne meno', 18, '2023-06-30'),
(666, 'Imouto', 'Mladšia sestra', 'podstatne meno', 18, '2023-06-30'),
(667, 'Obaa(san)/Sobo', 'Babka', 'podstatne meno', 18, '2023-06-30'),
(668, 'Ojii(san)/Sofu', 'Dedko', 'podstatne meno', 18, '2023-06-30'),
(669, 'Oku(san)/Tsuma', 'Manželka', 'podstatne meno', 18, '2023-06-30'),
(670, 'Otto', 'Manžel', 'podstatne meno', 18, '2023-06-30'),
(671, 'Au', 'Stretnúť', 'sloveso', NULL, '2023-07-09'),
(672, 'Iro', 'Farba', 'podstatne meno', 24, '2023-07-09'),
(673, 'Aoi', 'Modrá', 'pridavne meno', NULL, '2023-07-09'),
(674, 'Midori', 'Zelená', 'pridavne meno', NULL, '2023-07-09'),
(675, 'Kuroi', 'Čierna', 'pridavne meno', NULL, '2023-07-09'),
(676, 'Shiroi', 'Biela', 'pridavne meno', NULL, '2023-07-09'),
(677, 'Akai', 'Červená', 'pridavne meno', NULL, '2023-07-09'),
(678, 'Orenji', 'Oranžová', 'pridavne meno', NULL, '2023-07-09'),
(679, 'Murasaki', 'Fialová', 'pridavne meno', NULL, '2023-07-09'),
(680, 'Kiiroi', 'Žltá', 'pridavne meno', NULL, '2023-07-09'),
(681, 'Kin iro', 'Zlatá farba', 'pridavne meno', NULL, '2023-07-09'),
(682, 'Gin iro', 'Strieborná farba', 'pridavne meno', NULL, '2023-07-09'),
(683, 'Asatte', 'Pozajtra', 'podstatne meno', 4, '2023-07-09'),
(684, 'Atarashii', 'Nové', 'pridavne meno', NULL, '2023-07-09'),
(685, 'Ii/Yoi', 'Dobré', 'pridavne meno', NULL, '2023-07-09'),
(686, 'Ie', 'Domov/Dom', 'podstatne meno', 5, '2023-07-09'),
(687, 'Iku', 'Ísť', 'sloveso', NULL, '2023-07-09'),
(688, 'Iru/Aru', 'Byť(živé/neživé)', 'sloveso', NULL, '2023-07-09'),
(689, 'Isha/Sensei', 'Doktor', 'podstatne meno', 9, '2023-07-09'),
(690, 'Sensei', 'Učiteľ', 'podstatne meno', 25, '2023-07-09'),
(691, 'Imi', 'Význam', 'podstatne meno', 12, '2023-07-09'),
(692, 'Ue', 'Hore', 'podstatne meno', 19, '2023-07-09'),
(693, 'Shita', 'Dole', 'podstatne meno', 19, '2023-07-09'),
(694, 'Ushiro', 'Vzadu', 'podstatne meno', 19, '2023-07-09'),
(695, 'Hidari', 'Vľavo', 'podstatne meno', 19, '2023-07-09'),
(696, 'Migi', 'Vpravo', 'podstatne meno', 19, '2023-07-09'),
(697, 'Uta', 'Pesnička', 'podstatne meno', 12, '2023-07-09'),
(698, 'Umi', 'More', 'podstatne meno', 2, '2023-07-09'),
(699, 'Eiga', 'Film', 'podstatne meno', 12, '2023-07-09'),
(700, 'Eigakan', 'Kino', 'podstatne meno', 1, '2023-07-09'),
(701, 'Otoko', 'Chlap', 'podstatne meno', 11, '2023-07-09'),
(702, 'Otoko no ko', 'Chlapec', 'podstatne meno', 11, '2023-07-09'),
(703, 'Onna', 'Žena', 'podstatne meno', 11, '2023-07-09'),
(704, 'Onna no ko', 'Dievča', 'podstatne meno', 11, '2023-07-09'),
(705, 'Kare', 'On', 'podstatne meno', 11, '2023-07-09'),
(706, 'Kanojo', 'Ona', 'podstatne meno', 11, '2023-07-09'),
(707, 'Watashi', 'Ja', 'podstatne meno', 11, '2023-07-09'),
(708, 'Anata', 'Ty', 'podstatne meno', 11, '2023-07-09'),
(709, 'Watashi tachi', 'My', 'podstatne meno', 11, '2023-07-09'),
(710, 'Anata tachi', 'Vy', 'podstatne meno', 11, '2023-07-09'),
(711, 'Kare tachi', 'Oni', 'podstatne meno', 11, '2023-07-09'),
(712, 'Kanojo tachi', 'Ony', 'podstatne meno', 11, '2023-07-09'),
(713, 'Yume', 'Sen', 'podstatne meno', 12, '2023-07-09'),
(714, 'Gaikokujin', 'Cudzinec', 'podstatne meno', 11, '2023-07-09'),
(715, 'Kasa', 'Dáždnik', 'podstatne meno', 2, '2023-07-09'),
(716, 'Saifu', 'Peňaženka', 'podstatne meno', 2, '2023-07-09'),
(717, 'Kaban', 'Ruksak', 'podstatne meno', 2, '2023-07-09'),
(718, 'Kawa', 'Rieka', 'podstatne meno', 2, '2023-07-09'),
(719, 'Ginkou', 'Banka', 'podstatne meno', 1, '2023-07-09'),
(720, 'Kuni', 'Štát/Krajina', 'podstatne meno', 8, '2023-07-09'),
(721, 'Kesa/Kyou no asa', 'Dnešné ráno', 'podstatne meno', 4, '2023-07-09'),
(722, 'Kekkou', 'To je v pohode', 'podstatne meno', 26, '2023-07-09'),
(723, 'X ji', 'X hodín', 'podstatne meno', 4, '2023-07-09'),
(724, 'X fun', 'X minút', 'podstatne meno', 4, '2023-07-09'),
(725, 'Koe', 'Hlas', 'podstatne meno', 12, '2023-07-09'),
(726, 'Kotoshi', 'Tento rok', 'podstatne meno', 4, '2023-07-09'),
(727, 'Kyonen', 'Minulý rok', 'podstatne meno', 4, '2023-07-09'),
(728, 'Rainen', 'Ďalší rok', 'podstatne meno', 4, '2023-07-09'),
(729, 'Kongetsu', 'Tento mesiac', 'podstatne meno', 4, '2023-07-09'),
(730, 'Jikan', 'Čas', 'podstatne meno', 4, '2023-07-09'),
(731, 'Shizuka(na)', 'Tichý', 'pridavne meno', NULL, '2023-07-09'),
(732, 'Shashin', 'Fotka', 'podstatne meno', 12, '2023-07-09'),
(733, 'Sengetsu', 'Minulý mesiac', 'podstatne meno', 4, '2023-07-09'),
(734, 'Raigetsu', 'Ďalší mesiac', 'podstatne meno', 4, '2023-07-09'),
(735, 'Suki desu', 'Mať rád', 'sloveso', NULL, '2023-07-09'),
(736, 'Daisuki desu', 'Mať veľmi rád', 'sloveso', NULL, '2023-07-09'),
(737, 'Ai suru', 'Milovať', 'sloveso', NULL, '2023-07-09'),
(738, 'Takai', 'Drahé', 'sloveso', NULL, '2023-07-09'),
(739, 'Yasui', 'Lacné', 'sloveso', NULL, '2023-07-09'),
(740, 'Takushii', 'Taxi', 'podstatne meno', 2, '2023-07-09'),
(741, 'Tatemono', 'Budova', 'podstatne meno', 1, '2023-07-09'),
(742, 'Tsukue', 'Stôl', 'podstatne meno', 5, '2023-07-09'),
(743, 'Tsumetai', 'Studený', 'podstatne meno', 14, '2023-07-09'),
(744, 'Tokidoki', 'Z času na čas', 'podstatne meno', 26, '2023-07-09'),
(745, 'Yoku', 'Často', 'podstatne meno', 12, '2023-07-09'),
(746, 'Amari nai', 'Nie veľmi', 'podstatne meno', 26, '2023-07-09'),
(747, 'Takusan', 'Veľa', 'podstatne meno', 12, '2023-07-09'),
(748, 'Naru', 'Stať sa', 'sloveso', NULL, '2023-07-09'),
(749, 'Tabemono', 'Jedlo', 'podstatne meno', 7, '2023-07-09'),
(750, 'Nomimono', 'Pitie/Nápoje', 'podstatne meno', 13, '2023-07-09'),
(751, 'Hashi', 'Most', 'podstatne meno', 2, '2023-07-09'),
(752, 'Hana', 'Kvet', 'podstatne meno', 12, '2023-07-09'),
(753, 'Futoi', 'Tučný', 'pridavne meno', NULL, '2023-07-09'),
(754, 'Yasei', 'Chudý', 'pridavne meno', NULL, '2023-07-09'),
(755, 'Futoru', 'Byť tučný', 'sloveso', NULL, '2023-07-09'),
(756, 'Meitoru', 'Metre', 'podstatne meno', 2, '2023-07-09'),
(757, 'Kiromeitoru', 'Kilometre', 'podstatne meno', 2, '2023-07-09'),
(758, 'Guramu', 'Gramy', 'podstatne meno', 24, '2023-07-09'),
(759, 'Kiroguramu', 'Kilogramy', 'podstatne meno', 24, '2023-07-09'),
(760, 'Moshimoshi', 'Haló (fráza pri začiatku mobilného hovoru)', 'podstatne meno', 26, '2023-07-09'),
(761, 'Yasashii', 'Milý', 'pridavne meno', NULL, '2023-07-09'),
(762, 'Resutoran', 'Reštaurácia', 'podstatne meno', 23, '2023-07-09'),
(763, 'Aisatsu', 'Pozdrav', 'podstatne meno', 12, '2023-07-09'),
(764, 'Akachan', 'Bábätko', 'podstatne meno', 18, '2023-07-09'),
(765, 'Aji', 'Chuť(jedla)', 'podstatne meno', 7, '2023-07-09'),
(766, 'Amai', 'Sladký', 'pridavne meno', NULL, '2023-07-09'),
(767, 'Iriguchi', 'Vchod', 'podstatne meno', 2, '2023-07-09'),
(768, 'Deguchi', 'Východ', 'podstatne meno', 2, '2023-07-09'),
(769, 'Erebeeta', 'Výťah', 'podstatne meno', 1, '2023-07-09'),
(770, 'Ojisan', 'Ujo', 'podstatne meno', 18, '2023-07-09'),
(771, 'Obasan', 'Teta', 'podstatne meno', 18, '2023-07-09'),
(772, 'Otona', 'Dospelý', 'podstatne meno', 11, '2023-07-09'),
(773, 'Kamera', 'Kamera', 'podstatne meno', 12, '2023-07-09'),
(774, 'Shashin o toru', 'Odfotiť', 'sloveso', NULL, '2023-07-09'),
(775, 'Kyoukai', 'Kostol', 'podstatne meno', 1, '2023-07-09'),
(776, 'Kusa', 'Tráva', 'podstatne meno', 14, '2023-07-09'),
(777, 'Kumo', 'Mrak', 'podstatne meno', 14, '2023-07-09'),
(778, 'Kotae', 'Odpoveď', 'podstatne meno', 12, '2023-07-09'),
(779, 'Jiko', 'Nehoda', 'podstatne meno', 12, '2023-07-09'),
(780, 'Jamu', 'Džem', 'podstatne meno', 7, '2023-07-09'),
(781, 'Jyuusho', 'Adresa', 'podstatne meno', 2, '2023-07-09'),
(782, 'Suna', 'Piesok', 'podstatne meno', 14, '2023-07-09'),
(783, 'Seikatsu', 'Život', 'podstatne meno', 12, '2023-07-09');
INSERT INTO `words` (`id`, `jap_word`, `svk_word`, `word_type`, `word_subtype_id`, `day_of_addition`) VALUES
(784, 'Setsumei', 'Vysvetlenie', 'podstatne meno', 12, '2023-07-09'),
(785, 'Sensou', 'Vojna', 'podstatne meno', 22, '2023-07-09'),
(786, 'Chi', 'Krv', 'podstatne meno', 9, '2023-07-09'),
(787, 'Chikara', 'Sila', 'podstatne meno', 12, '2023-07-09'),
(788, 'Tsuki', 'Mesiac', 'podstatne meno', 14, '2023-07-09'),
(789, 'Aisuhokkei', 'Hokej', 'podstatne meno', 15, '2023-07-09'),
(790, 'Tenisu', 'Tenis', 'podstatne meno', 15, '2023-07-09'),
(791, 'Dougu', 'Nástroj', 'podstatne meno', 12, '2023-07-09'),
(792, 'Tokei', 'Hodinky', 'podstatne meno', 10, '2023-07-09'),
(793, 'Haisha', 'Zubár', 'podstatne meno', 9, '2023-07-09'),
(794, 'Musuko', 'Syn', 'podstatne meno', 18, '2023-07-09'),
(795, 'Musume', 'Dcéra', 'podstatne meno', 18, '2023-07-09'),
(796, 'Magomusuko', 'Vnuk', 'podstatne meno', 18, '2023-07-09'),
(797, 'Magomusume', 'Vnučka', 'podstatne meno', 18, '2023-07-09'),
(798, 'Muri/Fukanou(na)', 'Nemožné', 'pridavne meno', NULL, '2023-07-09'),
(799, 'Mori', 'Les', 'podstatne meno', 1, '2023-07-09'),
(800, 'Rekishi', 'História', 'podstatne meno', 12, '2023-07-09'),
(801, 'Renraku', 'Kontakt', 'podstatne meno', 12, '2023-07-09'),
(802, 'Wasuremono', 'Zabudnútá vec', 'podstatne meno', 12, '2023-07-09'),
(803, 'Higashi', 'Východ', 'podstatne meno', 19, '2023-07-11'),
(804, 'Nishi', 'Západ', 'podstatne meno', 19, '2023-07-11'),
(805, 'Kita', 'Sever', 'podstatne meno', 19, '2023-07-11'),
(806, 'Minami', 'Juh', 'podstatne meno', 19, '2023-07-11'),
(807, 'Ajia', 'Ázia', 'podstatne meno', 8, '2023-07-11'),
(808, 'Afurika', 'Afrika', 'podstatne meno', 8, '2023-07-11'),
(809, 'Ishi', 'Kameň', 'podstatne meno', 24, '2023-07-11'),
(810, 'Inoru', 'Modliť sa', 'sloveso', NULL, '2023-07-11'),
(811, 'Utsukushi', 'Krásna', 'pridavne meno', NULL, '2023-07-11'),
(812, 'Matsuri', 'Festival', 'podstatne meno', 12, '2023-07-11'),
(813, 'Gasu', 'Plyn', 'podstatne meno', 12, '2023-07-11'),
(814, 'Gijutsu', 'Umenie', 'podstatne meno', 12, '2023-07-11'),
(815, 'Kisoku', 'Zákon/pravidlo', 'podstatne meno', 12, '2023-07-11'),
(816, 'Kesshite', 'Nikdy', 'podstatne meno', 12, '2023-07-11'),
(817, 'Shoutai', 'Pozvánka', 'podstatne meno', 12, '2023-07-11'),
(818, 'Sekai', 'Svet', 'podstatne meno', 12, '2023-07-11'),
(819, 'Naoru', 'Byť opravený', 'sloveso', NULL, '2023-07-11'),
(820, 'Gitaa', 'Gitara', 'podstatne meno', 12, '2023-07-11'),
(821, 'Tenkeyohou', 'Predpoveď počasia', 'podstatne meno', 14, '2023-07-11'),
(822, 'Piano', 'Klavír', 'podstatne meno', 12, '2023-07-11'),
(823, 'Hoshi', 'Hviezda', 'podstatne meno', 12, '2023-07-11'),
(824, 'Minato', 'Prístav', 'podstatne meno', 1, '2023-07-11'),
(825, 'Yunyuu suru', 'Importovať', 'sloveso', NULL, '2023-07-11'),
(826, 'Yushutsu suru', 'Exportovať', 'sloveso', NULL, '2023-07-11'),
(828, 'Kyoudai', 'Súrodenci', 'podstatne meno', 18, '2023-07-14'),
(829, 'Pasokon/Konpyuta', 'Počítač', 'podstatne meno', 12, '2023-07-14'),
(830, 'Hanasu', 'Hovoriť', 'sloveso', NULL, '2023-07-14'),
(831, 'Aikawarazu', 'Ako vždy', 'podstatne meno', 26, '2023-07-14'),
(832, 'Aizu', 'Signál', 'podstatne meno', 12, '2023-07-14'),
(833, 'Zannen nagara/Ainiku', 'Bohužiaľ/nanešťastie', 'podstatne meno', 12, '2023-07-14'),
(834, 'Akusesarii', 'Doplnky', 'podstatne meno', 10, '2023-07-14'),
(835, 'Ryuu/Doragon', 'Drak', 'podstatne meno', 21, '2023-07-14'),
(836, 'Akuma/Oni/Majin', 'Démon', 'podstatne meno', 21, '2023-07-14'),
(837, 'Mazoku', 'Rasa démonov', 'podstatne meno', 21, '2023-07-14'),
(838, 'Kyuuketsuki', 'Upír', 'podstatne meno', 21, '2023-07-14'),
(839, 'Ookami ningen', 'Vlkolak', 'podstatne meno', 21, '2023-07-14'),
(840, 'Yuurei', 'Duch', 'podstatne meno', 21, '2023-07-14'),
(841, 'Gurifin/Gurifon', 'Gryf', 'podstatne meno', 21, '2023-07-14'),
(842, 'Pegasasu', 'Pegas', 'podstatne meno', 21, '2023-07-14'),
(843, 'Kantaurosu', 'Kentaur', 'podstatne meno', 21, '2023-07-14'),
(844, 'Tenshi', 'Anjel', 'podstatne meno', 21, '2023-07-14'),
(845, 'Erufu', 'Elf', 'podstatne meno', 21, '2023-07-14'),
(846, 'Dowaafu', 'Trpaslík', 'podstatne meno', 21, '2023-07-14'),
(847, 'Ooku', 'Ork', 'podstatne meno', 21, '2023-07-14'),
(848, 'Yousei', 'Víla', 'podstatne meno', 21, '2023-07-14'),
(849, 'Yunikoon', 'Jednorožec', 'podstatne meno', 21, '2023-07-14'),
(850, 'Ajin', 'Poločlovek', 'podstatne meno', 21, '2023-07-14'),
(851, 'Yuusha', 'Hrdina', 'podstatne meno', 21, '2023-07-14'),
(852, 'Boukensha', 'Dobrodruh', 'podstatne meno', 11, '2023-07-14'),
(853, 'Zoku', 'Rasa/Rod', 'podstatne meno', 12, '2023-07-14'),
(854, 'Ningen', 'Človek', 'podstatne meno', 11, '2023-07-14'),
(855, 'Age chiizu', 'Vyprážaný syr', 'podstatne meno', 7, '2023-07-14'),
(856, 'Ase', 'Pot', 'podstatne meno', 9, '2023-07-14'),
(857, 'Ana', 'Diera', 'podstatne meno', 1, '2023-07-14'),
(858, 'Seirei', 'Víly duch', 'podstatne meno', 21, '2023-07-14'),
(859, 'Mahou', 'Mágia', 'podstatne meno', 21, '2023-07-14'),
(860, 'Majutsu', 'Čarodejníctvo', 'podstatne meno', 21, '2023-07-14'),
(861, 'Mahoutsukai/Majutsushi', 'Mág', 'podstatne meno', 21, '2023-07-14'),
(862, 'Tamashii', 'Duša', 'podstatne meno', 9, '2023-07-14'),
(863, 'Kyojin', 'Obor', 'podstatne meno', 21, '2023-07-14'),
(864, 'Yuki onna', 'Snežná dievka', 'podstatne meno', 21, '2023-07-14'),
(865, 'Yami', 'Temnota', 'podstatne meno', 12, '2023-07-14'),
(866, 'Kinkyuu jitai', 'Núdzová situácia', 'podstatne meno', 9, '2023-07-14'),
(867, 'Kizu', 'Rana', 'podstatne meno', 9, '2023-07-14'),
(868, 'Itami', 'Bolesť', 'podstatne meno', 9, '2023-07-14'),
(869, 'Oreta', 'Zlomenina', 'podstatne meno', 9, '2023-07-14'),
(870, 'Byouki', 'Choroba', 'podstatne meno', 9, '2023-07-14'),
(871, 'Uirusu', 'Vírus', 'podstatne meno', 9, '2023-07-14'),
(872, 'Kanja', 'Pacient', 'podstatne meno', 9, '2023-07-14'),
(873, 'Pankeiki', 'Palačinky', 'podstatne meno', 7, '2023-07-14'),
(874, 'Aisukuriimu', 'Zmrzlina', 'podstatne meno', 7, '2023-07-14'),
(875, 'Banira', 'Vanilka', 'podstatne meno', 7, '2023-07-14'),
(876, 'Kurejitto kaado', 'Kreditná karta', 'podstatne meno', 6, '2023-07-14'),
(877, 'Ningenkai', 'Náš svet ľudí', 'podstatne meno', 21, '2023-07-14'),
(878, 'Tengoku/Reikai', 'Nebo', 'podstatne meno', 21, '2023-07-14'),
(879, 'Jigoku/Meikai', 'Peklo', 'podstatne meno', 21, '2023-07-14'),
(880, 'Makai', 'Svet démonov', 'podstatne meno', 21, '2023-07-14'),
(881, 'Abura', 'Olej', 'podstatne meno', 7, '2023-07-14'),
(882, 'Ayashii', 'Podozrivé', 'pridavne meno', NULL, '2023-07-14'),
(883, 'Arashi', 'Búrka', 'podstatne meno', 14, '2023-07-14'),
(884, 'Itai desu', 'Bolieť', 'sloveso', NULL, '2023-07-14'),
(885, 'Issho', 'Spolu', 'podstatne meno', 12, '2023-07-14'),
(886, 'Itoko', 'Bratranec/Sesternica', 'podstatne meno', 18, '2023-07-14'),
(887, 'Ima(2d)', 'Teraz', 'podstatne meno', 4, '2023-07-14'),
(888, 'Intai suru', 'Ísť do dôchodku', 'sloveso', NULL, '2023-07-14'),
(889, 'Uisukii', 'Whisky', 'podstatne meno', 13, '2023-07-14'),
(890, 'Uchuu', 'Vesmír', 'podstatne meno', 1, '2023-07-14'),
(891, 'Uragiru', 'Zradiť', 'sloveso', NULL, '2023-07-14'),
(892, 'Uragiri mono', 'Zradca', 'podstatne meno', 11, '2023-07-14'),
(893, 'En', 'Yen', 'podstatne meno', 2, '2023-07-14'),
(894, 'Paatii', 'Párty', 'podstatne meno', 12, '2023-07-14'),
(895, 'Ou(sama)', 'Kráľ', 'podstatne meno', 11, '2023-07-14'),
(896, 'Joou(sama)', 'Kráľovná', 'podstatne meno', 11, '2023-07-14'),
(897, 'Ouji(sama)', 'Princ', 'podstatne meno', 11, '2023-07-14'),
(898, 'Hime(sama)', 'Princezná', 'podstatne meno', 11, '2023-07-14'),
(899, 'Kizoku', 'Šľachta', 'podstatne meno', 11, '2023-07-14'),
(900, 'Me o samasu', 'Zobudiť sa(sám)', 'sloveso', NULL, '2023-07-14'),
(901, 'Okiru', 'Zobudiť sa(kvôli niekomu/niečomu)', 'sloveso', NULL, '2023-07-14'),
(902, 'Nani o osusume desu ka.', 'Čo mi môžete odporučiť?', 'podstatne meno', 23, '2023-07-14'),
(903, 'Nani o tabetai desu ka.', 'Čo by ste chceli na jedenie?', 'podstatne meno', 23, '2023-07-14'),
(904, 'Nani o nomitai desu ka.', 'Čo by ste chceli na pitie?', 'podstatne meno', 23, '2023-07-14'),
(905, 'Menyu o misete itadakemasu ka.', 'Môžem vidieť menu?', 'podstatne meno', 23, '2023-07-14'),
(906, 'Ueitaa', 'Čašník', 'podstatne meno', 23, '2023-07-14'),
(907, 'Ueitoresu', 'Čašníčka', 'podstatne meno', 23, '2023-07-14'),
(908, 'Ryouri suru', 'Variť', 'sloveso', NULL, '2023-07-14'),
(909, 'Piza', 'Pizza', 'podstatne meno', 7, '2023-07-14'),
(910, 'Mou sukoshi', 'Trochu viac', 'podstatne meno', 26, '2023-07-14'),
(911, 'Hanbaagaa', 'Hamburger', 'podstatne meno', 7, '2023-07-14'),
(912, 'Hottodoggu', 'Hotdog', 'podstatne meno', 7, '2023-07-14'),
(913, 'Watashi wa burokolii to hachimitsu  o tabemasen.', 'Nemôžem jesť brokolicu a med.', 'podstatne meno', 23, '2023-07-14'),
(914, 'Oishii katta desu.', 'Bolo to vynikajúce.', 'podstatne meno', 23, '2023-07-14'),
(915, 'Watashi wa haraitai desu.', 'Chcem zaplatiť.', 'podstatne meno', 23, '2023-07-14'),
(916, 'Hachimitsu', 'Med', 'podstatne meno', 7, '2023-07-14'),
(917, 'Omatase shimashita', 'Prepáčte za čakanie', 'podstatne meno', 26, '2023-07-14'),
(918, 'Owaru', 'Skončiť', 'sloveso', NULL, '2023-07-14'),
(919, 'Owari', 'Koniec', 'podstatne meno', 12, '2023-07-14'),
(920, 'Kaado', 'Karta', 'podstatne meno', 12, '2023-07-14'),
(921, 'Kaigi', 'Konferencia/Míting', 'podstatne meno', 12, '2023-07-14'),
(922, 'Kaimono', 'Nakupovanie', 'podstatne meno', 12, '2023-07-14'),
(923, 'Kagaku', 'Veda', 'podstatne meno', 9, '2023-07-14'),
(924, 'Kaku', 'Písať', 'sloveso', NULL, '2023-07-14'),
(925, 'Kakusu', 'Skryť sa', 'sloveso', NULL, '2023-07-14'),
(926, 'Gamu', 'Žuvačka', 'podstatne meno', 7, '2023-07-14'),
(927, 'Gurasu', 'Sklo', 'podstatne meno', 24, '2023-07-14'),
(928, 'Naka/Chuu', 'Vnútri (chuu je v spojení zo slovom)', 'podstatne meno', 19, '2023-07-14'),
(929, 'Hon', 'Kniha', 'podstatne meno', 12, '2023-07-14'),
(930, 'Irasshai mase', 'Vitajte', 'podstatne meno', 23, '2023-07-14'),
(931, 'Nan mei/nin desu ka.', 'Pre koľkých/Koľký ste?', 'podstatne meno', 23, '2023-07-14'),
(932, 'Hitori/Futari/X nin', 'Jeden/Dvaja/X počet ľudí', 'podstatne meno', 23, '2023-07-14'),
(933, 'Gochuumon wa okimari desu ka.', 'Máte už vybratú objednávku?', 'podstatne meno', 23, '2023-07-14'),
(934, 'Eigo no menyu o arimasu ka.', 'Máte menu po anglicky?', 'podstatne meno', 23, '2023-07-14'),
(935, 'Kishi', 'Rytier', 'podstatne meno', 22, '2023-07-14'),
(936, 'Kenshi', 'Šermiar', 'podstatne meno', 22, '2023-07-14'),
(937, 'Buki', 'Zbraň (bez púštneho prachu)', 'podstatne meno', 22, '2023-07-14'),
(938, 'Juu(2v)', 'Palná zbraň (z púštneho prachu)', 'podstatne meno', 22, '2023-07-14'),
(939, 'Ken', 'Meč', 'podstatne meno', 22, '2023-07-14'),
(940, 'Yumi', 'Luk', 'podstatne meno', 22, '2023-07-14'),
(941, 'Yari', 'Kopia', 'podstatne meno', 22, '2023-07-14'),
(942, 'Kama', 'Kosa', 'podstatne meno', 22, '2023-07-14'),
(943, 'Hanmaa', 'Kladivo', 'podstatne meno', 22, '2023-07-14'),
(944, 'Tate', 'Štít', 'podstatne meno', 22, '2023-07-14'),
(945, 'Yoroi', 'Brnenie', 'podstatne meno', 22, '2023-07-14'),
(946, 'Kabuto', 'Helma', 'podstatne meno', 22, '2023-07-14'),
(947, 'Senshi', 'Bojovník', 'podstatne meno', 22, '2023-07-14'),
(948, 'Ya', 'Šíp', 'podstatne meno', 22, '2023-07-14'),
(949, 'Misairu', 'Náboj', 'podstatne meno', 22, '2023-07-14'),
(950, 'Kihei', 'Kavaléria', 'podstatne meno', 22, '2023-07-14'),
(951, 'Eihei', 'Stráž', 'podstatne meno', 22, '2023-07-14'),
(952, 'Bakudan', 'Bomba', 'podstatne meno', 22, '2023-07-14'),
(953, 'Kangaeru', 'Rozmýšľať', 'sloveso', NULL, '2023-07-15'),
(954, 'Kangae', 'Rozmýšľanie', 'podstatne meno', 12, '2023-07-15'),
(955, 'Kanji', 'Pocit', 'podstatne meno', 12, '2023-07-15'),
(956, 'Doku', 'Jed', 'podstatne meno', 9, '2023-07-15'),
(957, 'Gyaku', 'Opačné', 'pridavne meno', NULL, '2023-07-15'),
(958, 'Gyaku desu', 'Naopak/Opačne', 'sloveso', NULL, '2023-07-15'),
(959, 'Kyoumi', 'Záujem', 'podstatne meno', 12, '2023-07-15'),
(960, 'Kyoumi aru', 'Mám záujem', 'sloveso', NULL, '2023-07-15'),
(961, 'Kyoka', 'Povolenie', 'podstatne meno', 12, '2023-07-15'),
(962, 'Tabako o suu', 'Fajčiť cigaretu', 'sloveso', NULL, '2023-07-15'),
(963, 'Churisumasu', 'Vianoce', 'podstatne meno', 12, '2023-07-15'),
(964, 'Guntai', 'Armáda', 'podstatne meno', 22, '2023-07-15'),
(965, 'Teki', 'Nepriateľ', 'podstatne meno', 22, '2023-07-15'),
(966, 'Keisatsukan/Keikan', 'Policajt', 'podstatne meno', 11, '2023-07-15'),
(967, 'Geimu', 'Hra', 'podstatne meno', 12, '2023-07-15'),
(968, 'Bideo geimu', 'Počítačová hra', 'podstatne meno', 12, '2023-07-15'),
(969, 'Kemuri', 'Dym', 'podstatne meno', 14, '2023-07-15'),
(970, 'Gengo', 'Jazyk (napr. slovenčina)', 'podstatne meno', 8, '2023-07-15'),
(971, 'Genjitsu', 'Realita', 'podstatne meno', 12, '2023-07-15'),
(972, 'Kouhai', 'Mladší (v škole/robote)', 'podstatne meno', 25, '2023-07-15'),
(973, 'Senpai', 'Starší (v škole/robote)', 'podstatne meno', 25, '2023-07-15'),
(974, 'Kouri', 'Ľad', 'podstatne meno', 24, '2023-07-15'),
(975, 'Kooru', 'Zmraziť', 'sloveso', NULL, '2023-07-15'),
(976, 'Gin', 'Striebro', 'podstatne meno', 24, '2023-07-15'),
(977, 'Kin', 'Zlato', 'podstatne meno', 24, '2023-07-15'),
(978, 'Gakusei', 'Študent', 'podstatne meno', 25, '2023-07-15'),
(979, 'Konnichiwa', 'Ahoj/Dobrý deň', 'podstatne meno', 26, '2023-07-15'),
(980, 'Konbanwa', 'Dobrý večer', 'podstatne meno', 26, '2023-07-15'),
(981, 'Hai', 'Áno', 'podstatne meno', 26, '2023-07-15'),
(982, 'Iie', 'Nie', 'podstatne meno', 26, '2023-07-15'),
(983, 'Sayounara', 'Zbohom', 'podstatne meno', 26, '2023-07-15'),
(984, 'Mata ashita', 'Vidíme sa zajtra', 'podstatne meno', 26, '2023-07-15'),
(985, 'Mata nee', 'Dovidenia', 'podstatne meno', 26, '2023-07-15'),
(986, 'Ohayou gozaimasu', 'Dobré ráno', 'podstatne meno', 26, '2023-07-15'),
(987, 'Oyasumi nasai', 'Dobrú noc', 'podstatne meno', 26, '2023-07-15'),
(988, 'Ogenki desu ka', 'Ako sa máš?', 'podstatne meno', 26, '2023-07-15'),
(989, 'Genki desu', 'Mám sa dobre', 'podstatne meno', 26, '2023-07-15'),
(990, 'Onamae wa nan desu ka', 'Ako sa voláš?', 'podstatne meno', 26, '2023-07-15'),
(991, 'Watashi no namae wa X desu', 'Moje meno je X', 'podstatne meno', 26, '2023-07-15'),
(992, 'Hajimemashite', 'Teší ma', 'podstatne meno', 26, '2023-07-15'),
(993, 'Motto yukkuri hanashite kudasai', 'Hovorte trochu pomalšie prosím', 'podstatne meno', 26, '2023-07-15'),
(994, 'Eigo o hanasemasu ka', 'Hovoríte po anglicky?', 'podstatne meno', 26, '2023-07-15'),
(995, 'Sabaku', 'Púšť', 'podstatne meno', 1, '2023-07-16'),
(996, 'Jikken', 'Experiment', 'podstatne meno', 9, '2023-07-16'),
(997, 'Shinu', 'Zomrieť', 'sloveso', NULL, '2023-07-16'),
(998, 'Bakuhatsu', 'Vybuch', 'podstatne meno', 22, '2023-07-16'),
(999, 'Bakuhatsu suru', 'Vybuchnúť', 'sloveso', NULL, '2023-07-16'),
(1000, 'Shukudai', 'Domáca úloha', 'podstatne meno', 25, '2023-07-16'),
(1001, 'Sugu ni', 'Okamžite', 'podstatne meno', 12, '2023-07-23'),
(1002, 'Supootsu', 'Šport', 'podstatne meno', 15, '2023-07-23'),
(1003, 'Sonomama tsuzukeru', 'Pokračuj bez zmeny', 'sloveso', NULL, '2023-07-23'),
(1004, 'Taion', 'Telesná teplota', 'podstatne meno', 9, '2023-07-23'),
(1005, 'Baka', 'Blbec', 'podstatne meno', 11, '2023-07-23'),
(1006, 'Tsubasa', 'Krídla', 'podstatne meno', 12, '2023-07-23'),
(1007, 'Samurai', 'Samuraj', 'podstatne meno', 22, '2023-07-23'),
(1008, 'Shinobi', 'Ninja', 'podstatne meno', 22, '2023-07-23'),
(1009, 'Kunoichi', 'Ninja (žena)', 'podstatne meno', 22, '2023-07-23'),
(1010, 'Kinzoku', 'Kov', 'podstatne meno', 24, '2023-07-23'),
(1011, 'Hagane', 'Oceľ', 'podstatne meno', 24, '2023-07-23'),
(1012, 'Tamahagane', 'Japonská oceľ', 'podstatne meno', 24, '2023-07-23'),
(1013, 'Sato/Mura', 'Dedina', 'podstatne meno', 1, '2023-07-23'),
(1014, 'Maryoku', 'Mana/Magická sila', 'podstatne meno', 21, '2023-07-23'),
(1015, 'Hanabi', 'Ohňostroj', 'podstatne meno', 12, '2023-07-23'),
(1016, 'Han', 'Polovica', 'podstatne meno', 12, '2023-07-23'),
(1017, 'Onaji', 'Rovnaký', 'pridavne meno', NULL, '2023-07-23'),
(1018, 'Furusato', 'Rodné mesto', 'podstatne meno', 1, '2023-07-23'),
(1019, 'Hone', 'Kosť', 'podstatne meno', 9, '2023-07-23'),
(1020, 'Kinniku', 'Sval', 'podstatne meno', 9, '2023-07-23'),
(1021, 'Manzoku', 'Spokojný', 'pridavne meno', NULL, '2023-07-23'),
(1022, 'Miyako', 'Hlavné mesto', 'podstatne meno', 1, '2023-07-23'),
(1023, 'Mirai', 'Budúcnosť', 'podstatne meno', 12, '2023-07-23'),
(1024, 'Kako', 'Minulosť', 'podstatne meno', 12, '2023-07-23'),
(1025, 'Muzukashii', 'Náročné/Ťažké', 'pridavne meno', NULL, '2023-07-23'),
(1026, 'Menyu', 'Menu', 'podstatne meno', 23, '2023-07-23'),
(1027, 'Fune', 'Loď', 'podstatne meno', 2, '2023-07-23'),
(1028, 'Kirai(na)', 'Nenávidený', 'pridavne meno', NULL, '2023-07-27'),
(1029, 'Genki(na)', 'Zdravý', 'pridavne meno', NULL, '2023-07-27'),
(1030, 'Suki(na)', 'Obľúbený', 'pridavne meno', NULL, '2023-07-27'),
(1031, 'Chikatetsu', 'Metro/Podzemie', 'podstatne meno', 2, '2023-07-27'),
(1032, 'Hijouguchi', 'Únikový východ', 'podstatne meno', 1, '2023-07-27'),
(1033, 'Osu', 'Tlačiť (dvere)', 'podstatne meno', 12, '2023-07-27'),
(1034, 'Te o furenaide kudasai', 'Nedotýkať sa prosím', 'podstatne meno', 26, '2023-07-27'),
(1035, 'Hisho', 'Sekretárka', 'podstatne meno', 11, '2023-07-27'),
(1036, 'Mo', 'Tiež', 'podstatne meno', 12, '2023-07-27'),
(1037, 'Soshite/Sore kara', 'A potom/Odvtedy', 'podstatne meno', 26, '2023-07-27'),
(1038, 'Rekoudo', 'Natáčanie', 'podstatne meno', 12, '2023-07-27'),
(1039, 'Rekoudo suru', 'Natáčať/Nahrávať', 'sloveso', NULL, '2023-07-27'),
(1040, 'Daremo', 'Nikto', 'podstatne meno', 12, '2023-07-27'),
(1041, 'Nanimo', 'Nič', 'podstatne meno', 12, '2023-07-27'),
(1042, 'Sukii', 'Lyžovanie', 'podstatne meno', 15, '2023-07-27'),
(1043, 'Kangei', 'Privítanie', 'podstatne meno', 12, '2023-07-27'),
(1044, 'Kangei suru', 'Privítať', 'sloveso', NULL, '2023-07-27'),
(1045, 'Kangeikai', 'Privítacia párty', 'podstatne meno', 12, '2023-07-27'),
(1046, 'Mai', 'Počet', 'podstatne meno', 12, '2023-07-27'),
(1047, 'Nan mai', 'Aký počet/Koľko kusov', 'podstatne meno', 26, '2023-07-27'),
(1048, 'Nan sai desu ka.', 'Koľko máš rokov?', 'podstatne meno', 26, '2023-07-27'),
(1049, 'Sore made', 'Dovtedy', 'podstatne meno', 26, '2023-07-27'),
(1050, 'Itsu made', 'Dokedy', 'podstatne meno', 26, '2023-07-27'),
(1051, 'Itsu kara', 'Odkedy', 'podstatne meno', 26, '2023-07-27'),
(1052, 'Otera', 'Chrám', 'podstatne meno', 1, '2023-07-27'),
(1053, 'X no ato de', 'Po skončení X ...', 'podstatne meno', 26, '2023-07-27'),
(1054, 'Kekkou desu', 'Radšej nie', 'podstatne meno', 26, '2023-07-27'),
(1055, 'Todokeru', 'Doručiť (napr. balík od kuriéra)', 'sloveso', NULL, '2023-07-27'),
(1056, 'Mou ichidou itte kudasai.', 'Ešte raz to zopakujte prosím.', 'podstatne meno', 26, '2023-07-27'),
(1057, 'Ban/Bangou', 'Číslo (napr. autobusu)', 'podstatne meno', 3, '2023-07-27'),
(1058, 'Denwa bangou', 'Telefónne číslo', 'podstatne meno', 12, '2023-07-27'),
(1059, 'Denkiya', 'Elektro obchod', 'podstatne meno', 1, '2023-07-27'),
(1060, 'Koko de tabako o suwanaide kudasai.', 'Nefajčite tu prosím.', 'podstatne meno', 26, '2023-07-27'),
(1061, 'Kaigi shitsu', 'Mítingová miestnosť', 'podstatne meno', 1, '2023-07-27'),
(1062, 'Yorokonde', 'S radosťou (napr. prídem)', 'podstatne meno', 26, '2023-07-27'),
(1063, 'Kagu', 'Nábytok', 'podstatne meno', 12, '2023-07-27'),
(1064, 'Netsu', 'Horúčka', 'podstatne meno', 9, '2023-07-27'),
(1065, 'Dezaato', 'Desert', 'podstatne meno', 23, '2023-07-27'),
(1066, 'Konde', 'Preplnenosť (napr. plno ľudí v buse)', 'podstatne meno', 12, '2023-07-27'),
(1067, 'Konde imasu', 'Byť preplnený (napr. ľuďmi v buse)', 'sloveso', NULL, '2023-07-27'),
(1068, 'Basu noriba', 'Terminál na autobus', 'podstatne meno', 12, '2023-07-27'),
(1069, 'Nikuya', 'Mäsiareň', 'podstatne meno', 1, '2023-07-27'),
(1070, 'Honya', 'Predajňa kníh', 'podstatne meno', 1, '2023-07-27'),
(1071, 'Toshoukan', 'Knižnica', 'podstatne meno', 1, '2023-07-27'),
(1072, 'Untenshu', 'Vodič', 'podstatne meno', 11, '2023-07-27'),
(1073, 'Kusuriya', 'Lekáreň', 'podstatne meno', 9, '2023-07-27'),
(1074, 'Sakanaya', 'Predajňa rýb', 'podstatne meno', 1, '2023-07-27'),
(1075, 'Hanaya', 'Kvetinárstvo', 'podstatne meno', 1, '2023-07-27'),
(1076, 'Shinsetsu(na)', 'Nápomocný', 'pridavne meno', NULL, '2023-07-27'),
(1077, 'Onsen', 'Kúpele (s termálnou vodou)', 'podstatne meno', 1, '2023-07-27'),
(1078, 'Shoukai suru', 'Predstaviť (niekoho)', 'sloveso', NULL, '2023-07-27'),
(1079, 'Sakaya', 'Obchod s alkoholom', 'podstatne meno', 1, '2023-07-27'),
(1080, 'Doko ni mo', 'Nikde', 'podstatne meno', 12, '2023-07-27'),
(1081, 'Ichido', 'Raz (napr. spravím to iba raz)', 'podstatne meno', 12, '2023-07-27'),
(1082, 'Bun', 'Časť (napr. moja časť polovice)', 'podstatne meno', 12, '2023-07-27'),
(1083, 'Shitsurei(na)', 'Neslušný', 'pridavne meno', NULL, '2023-07-27'),
(1084, 'Shio karai', 'Slané', 'pridavne meno', NULL, '2023-07-27'),
(1085, 'Sandoichi', 'Sendvič', 'podstatne meno', 7, '2023-07-27'),
(1086, 'Suppai', 'Kyslé', 'pridavne meno', NULL, '2023-07-27'),
(1087, 'Koko', 'Toto miesto', 'podstatne meno', 26, '2023-07-27'),
(1088, 'Kesu', 'Vypnúť (napr. televízor)', 'sloveso', NULL, '2023-07-27'),
(1089, 'Tsukeru', 'Zapnúť (napr. televízor)', 'sloveso', NULL, '2023-07-27'),
(1090, 'Kangaekata', 'Spôsob myslenia', 'podstatne meno', 12, '2023-07-27'),
(1091, 'Dare no', 'Koho (napr. koho je táto vec)', 'podstatne meno', 26, '2023-07-27'),
(1092, 'Koora', 'Kola', 'podstatne meno', 13, '2023-07-27'),
(1093, 'Hamu', 'Šunka', 'podstatne meno', 7, '2023-07-27'),
(1094, 'Meron', 'Dyňa', 'podstatne meno', 7, '2023-07-27'),
(1095, 'Atama', 'Hlava', 'podstatne meno', 17, '2023-07-27'),
(1096, 'Me', 'Oko', 'podstatne meno', 17, '2023-07-27'),
(1097, 'Mimi', 'Ucho', 'podstatne meno', 17, '2023-07-27'),
(1098, 'Kuchi', 'Ústa', 'podstatne meno', 17, '2023-07-27'),
(1099, 'Kuchibiru', 'Pery', 'podstatne meno', 17, '2023-07-27'),
(1100, 'Ha', 'Zub', 'podstatne meno', 17, '2023-07-27'),
(1101, 'Kubi', 'Krk', 'podstatne meno', 17, '2023-07-27'),
(1102, 'Nodo', 'Hrdlo', 'podstatne meno', 17, '2023-07-27'),
(1103, 'Mune', 'Hruď', 'podstatne meno', 17, '2023-07-27'),
(1104, 'Senaka', 'Chrbát', 'podstatne meno', 17, '2023-07-27'),
(1105, 'Onaka', 'Brucho', 'podstatne meno', 17, '2023-07-27'),
(1106, 'Ude', 'Ruka', 'podstatne meno', 17, '2023-07-27'),
(1107, 'Hiji', 'Lakeť', 'podstatne meno', 17, '2023-07-27'),
(1108, 'Te kubi', 'Zápästie', 'podstatne meno', 17, '2023-07-27'),
(1109, 'Te', 'Ruka/Dlaň', 'podstatne meno', 17, '2023-07-27'),
(1110, 'Yubi', 'Prst', 'podstatne meno', 17, '2023-07-27'),
(1111, 'Tsume', 'Nechet', 'podstatne meno', 17, '2023-07-27'),
(1112, 'Oshiri', 'Zadok', 'podstatne meno', 17, '2023-07-27'),
(1113, 'Omanko', 'Vagína', 'podstatne meno', 17, '2023-07-27'),
(1114, 'Ochinpo', 'Penis', 'podstatne meno', 17, '2023-07-27'),
(1115, 'Ashi', 'Noha/Chodidlo', 'podstatne meno', 17, '2023-07-27'),
(1116, 'Hiza', 'Koleno', 'podstatne meno', 17, '2023-07-27'),
(1117, 'Ashi kubi', 'Členok', 'podstatne meno', 17, '2023-07-27'),
(1118, 'Kakato', 'Päta', 'podstatne meno', 17, '2023-07-27'),
(1119, 'Ashi no yubi', 'Prst na nohe', 'podstatne meno', 17, '2023-07-27'),
(1120, 'Hana(2lt)', 'Nos', 'podstatne meno', 17, '2023-07-27'),
(1121, 'Itsuka', 'Niekedy', 'podstatne meno', 26, '2023-08-13'),
(1122, 'Dokoka ni', 'Niekde', 'podstatne meno', 26, '2023-08-13'),
(1123, 'Dareka', 'Niekto', 'podstatne meno', 26, '2023-08-13'),
(1124, 'Nanika', 'Niečo', 'podstatne meno', 26, '2023-08-13'),
(1125, 'No hou ga', 'Viac/Väčšie/Lepšie', 'podstatne meno', 26, '2023-08-13'),
(1126, 'Yori', 'Než/Ako (napr. X je viac/lepšie než/ako Z)', 'podstatne meno', 26, '2023-08-13'),
(1127, 'Karendaa', 'Kalendár', 'podstatne meno', 4, '2023-08-13'),
(1128, 'Ryouhou', 'Obe', 'podstatne meno', 12, '2023-08-13'),
(1129, 'Dochiramo', 'Obe/Buď', 'podstatne meno', 26, '2023-08-13'),
(1130, 'Genkin', 'V hotovosti(zaplatiť)', 'podstatne meno', 12, '2023-08-13'),
(1131, 'Shichaku shitsu', 'Šatňa/Prezliekacia miestnosť', 'podstatne meno', 1, '2023-08-13'),
(1132, 'Ikaga desu ka.', 'Ako sa ti to páči?/Čo ty na to?.', 'podstatne meno', 26, '2023-08-13'),
(1133, 'Yawarakai', 'Hladké/Jemné/Flexibilné (napr. telo)', 'pridavne meno', NULL, '2023-08-13'),
(1134, 'Katai', 'Drsné/Stuhnuté', 'pridavne meno', NULL, '2023-08-13'),
(1135, 'Saizu', 'Veľkosť', 'podstatne meno', 12, '2023-08-13'),
(1136, 'Tsutsumi suru', 'Zabaliť', 'sloveso', NULL, '2023-08-13'),
(1137, 'Uri kiru', 'Vypredať', 'sloveso', NULL, '2023-08-13'),
(1138, 'Reshipi', 'Recept', 'podstatne meno', 12, '2023-08-13'),
(1139, 'Ryouri reshipi', 'Recept na varenie', 'podstatne meno', 12, '2023-08-13'),
(1140, 'Usui', 'Tenké', 'pridavne meno', NULL, '2023-08-13'),
(1141, 'Ikutsu ka', 'Niekoľko', 'podstatne meno', 26, '2023-08-13'),
(1142, 'Fukuro', 'Taška', 'podstatne meno', 12, '2023-08-13'),
(1143, 'Wasureru', 'Zabudnúť', 'sloveso', NULL, '2023-08-13'),
(1144, 'Toru', 'Zobrať/Vziať (vec)', 'sloveso', NULL, '2023-08-13'),
(1145, 'Shounin', 'Obchodník', 'podstatne meno', 11, '2023-08-13'),
(1146, 'Shouhin', 'Tovar', 'podstatne meno', 12, '2023-08-13'),
(1147, 'Shoubai', 'Obchodovanie', 'podstatne meno', 12, '2023-08-13'),
(1148, 'Shin/Atarashii shouhin', 'Nový tovar', 'podstatne meno', 12, '2023-08-13'),
(1149, 'Kawa(2m)', 'Koža', 'podstatne meno', 24, '2023-08-13'),
(1150, 'Seki', 'Sedadlo', 'podstatne meno', 23, '2023-08-13'),
(1151, 'X ni tsuite', 'Ohľadom X/Jedná sa o X', 'podstatne meno', 26, '2023-08-13'),
(1152, 'Tabun', 'Pravdepodobne', 'podstatne meno', 26, '2023-08-13'),
(1153, 'Zangyou suru', 'Pracovať nadčasy', 'sloveso', NULL, '2023-08-13'),
(1154, 'Oshiro', 'Hrad', 'podstatne meno', 1, '2023-08-13'),
(1155, 'Mou sugu', 'Zachvíľu', 'podstatne meno', 26, '2023-08-13'),
(1156, '-chuu', 'Počas (napr. počas doobeda)', 'podstatne meno', 26, '2023-08-13'),
(1157, 'Futsuka yoi', 'Opica (po alkohole)', 'podstatne meno', 9, '2023-08-13'),
(1158, 'Shinnenkai', 'Novoročná oslava', 'podstatne meno', 12, '2023-08-13'),
(1159, 'Shokujikai', 'Oslava s jedlom', 'podstatne meno', 12, '2023-08-13'),
(1160, 'Shiryou', 'Materiál', 'podstatne meno', 24, '2023-08-13'),
(1161, 'Natsukashii', 'Nostalgické', 'pridavne meno', NULL, '2023-08-13'),
(1162, 'X -te kara Y', 'Po X robím Y', 'podstatne meno', 26, '2023-08-13'),
(1163, 'Suugaku', 'Matemarika', 'podstatne meno', 25, '2023-08-13'),
(1164, 'Butsuri', 'Fyzika', 'podstatne meno', 25, '2023-08-13'),
(1165, 'X to yonde kudasai', 'Volajte ma prosím X', 'podstatne meno', 26, '2023-08-13'),
(1166, 'Keireki', 'Vlastná história', 'podstatne meno', 12, '2023-08-13'),
(1167, 'Hantoshi', 'Polroka', 'podstatne meno', 4, '2023-08-13'),
(1168, 'X to kurabete', 'V porovnaní s X', 'podstatne meno', 26, '2023-08-13'),
(1169, 'Kuraberu', 'Porovnať', 'sloveso', NULL, '2023-08-13'),
(1170, 'Maitoshi', 'Každý rok', 'podstatne meno', 4, '2023-08-13'),
(1171, 'Hatake', 'Pole(na farme)', 'podstatne meno', 1, '2023-08-13'),
(1172, 'Fueru', 'Zvýšiť', 'sloveso', NULL, '2023-08-13'),
(1173, 'Heru', 'Znížiť', 'sloveso', NULL, '2023-08-13'),
(1174, 'Dandan', 'Postupne', 'podstatne meno', 26, '2023-08-13'),
(1175, 'Nakunaru', 'Zmiznúť', 'sloveso', NULL, '2023-08-13'),
(1176, 'Monogatari', 'Príbeh', 'podstatne meno', 12, '2023-08-13'),
(1177, 'Sekaijuu', 'Naprieč svetom', 'podstatne meno', 1, '2023-08-13'),
(1178, 'Jyuutakuchi', 'Obytná zóna', 'podstatne meno', 1, '2023-08-13'),
(1179, 'Maniawanai', 'Neprísť včas', 'sloveso', NULL, '2023-08-13'),
(1180, 'Kaori', 'Vôňa', 'podstatne meno', 12, '2023-08-13'),
(1181, 'Minkanjin', 'Civilista', 'podstatne meno', 11, '2023-08-13'),
(1182, 'Tokuni', 'Hlavne', 'podstatne meno', 26, '2023-08-13'),
(1183, 'Zenhan', 'Prvá polovica', 'podstatne meno', 12, '2023-08-13'),
(1184, 'Kouhan', 'Druhá polovica', 'podstatne meno', 12, '2023-08-13'),
(1185, 'Azukeru', 'Zveriť na stráženie (napr. batožinu)', 'sloveso', NULL, '2023-08-13'),
(1186, 'Chuushajou', 'Parkovisko', 'podstatne meno', 1, '2023-08-13'),
(1187, 'Muryou', 'Zdarma', 'podstatne meno', 12, '2023-08-13'),
(1188, 'Shoutai/Sasoi', 'Pozvanie', 'podstatne meno', 12, '2023-08-13'),
(1189, 'Soudan', 'Rada', 'podstatne meno', 12, '2023-08-13'),
(1190, 'Hayaku', 'Rýchlo', 'podstatne meno', 12, '2023-08-13'),
(1191, 'Isogu', 'Ponáhľať sa', 'sloveso', NULL, '2023-08-13'),
(1192, 'Shiai', 'Zápas', 'podstatne meno', 15, '2023-08-13'),
(1193, 'Doubutsu', 'Zviera', 'podstatne meno', 16, '2023-08-13'),
(1194, 'Yasei doubutsu', 'Divé zviera', 'podstatne meno', 16, '2023-08-13'),
(1195, 'Touchaku', 'Príchod', 'podstatne meno', 2, '2023-08-13'),
(1196, 'Kujira', 'Veľryba', 'podstatne meno', 16, '2023-08-13'),
(1197, 'Yakeru', 'Opekať', 'sloveso', NULL, '2023-08-13'),
(1198, 'Nieru', 'Varit (vo vode jedlo)', 'sloveso', NULL, '2023-08-13'),
(1199, 'Waku', 'Variť(vodu napr. v kanvici)', 'sloveso', NULL, '2023-08-13'),
(1200, 'Nioi', 'Vôňa', 'podstatne meno', 23, '2023-08-13'),
(1201, 'Koshou', 'Pepř', 'podstatne meno', 7, '2023-08-13'),
(1202, 'Bijutsukan', 'Múzeum', 'podstatne meno', 1, '2023-08-13'),
(1203, 'Sankasha', 'Účastník', 'podstatne meno', 11, '2023-08-13'),
(1204, 'Tousan', 'Bankrot', 'podstatne meno', 12, '2023-08-13'),
(1205, 'Takasa', 'Výška (napr. pohoria)', 'podstatne meno', 12, '2023-08-13'),
(1206, 'Jidai', 'Doba(napr. Stredovek)', 'podstatne meno', 12, '2023-08-13'),
(1207, 'Henka suru', 'Zmeniť', 'sloveso', NULL, '2023-08-13'),
(1208, 'Henka', 'Zmena', 'podstatne meno', 12, '2023-08-13'),
(1209, 'Shinshouhin', 'Novy produkt', 'podstatne meno', 12, '2023-08-13'),
(1210, 'X bai', 'X násobok', 'podstatne meno', 3, '2023-08-13'),
(1211, 'Uriage', 'Počet predaných vyrobkov', 'podstatne meno', 12, '2023-08-13'),
(1212, 'Tokubetsu(na)', 'Špeciálny', 'pridavne meno', NULL, '2023-08-13'),
(1213, 'Boonasu', 'Bonus', 'podstatne meno', 12, '2023-08-13'),
(1214, 'Jinkou', 'Populácia', 'podstatne meno', 11, '2023-08-13'),
(1215, 'Ryou gakusei', 'Zahraničný študent', 'podstatne meno', 25, '2023-08-13'),
(1216, 'Kazu', 'Počet', 'podstatne meno', 3, '2023-08-13'),
(1217, 'Pasupooto', 'Pas', 'podstatne meno', 2, '2023-08-13'),
(1218, 'Tobu', 'Lietať', 'sloveso', NULL, '2023-08-13'),
(1219, 'Takarakuji', 'Lotéria', 'podstatne meno', 12, '2023-08-13'),
(1220, 'Paasento', 'Percento', 'podstatne meno', 12, '2023-08-13'),
(1221, 'Yasumi o toru', 'Vziať si dovolenku', 'podstatne meno', 26, '2023-08-13'),
(1222, 'Gaki', 'Decko', 'podstatne meno', 11, '2023-08-13'),
(1223, 'Gaka', 'Maliar (obrazov)', 'podstatne meno', 11, '2023-08-13'),
(1224, 'E', 'Obrázok/Obraz', 'podstatne meno', 12, '2023-08-13'),
(1225, 'Kizuku', 'Uvedomiť si', 'sloveso', NULL, '2023-08-13'),
(1226, 'Totsuzen', 'Zrazu', 'podstatne meno', 26, '2023-08-13'),
(1227, 'Inseki', 'Meteorid', 'podstatne meno', 14, '2023-08-13'),
(1228, 'Chikyuu', 'Planéta Zem', 'podstatne meno', 1, '2023-08-13'),
(1229, 'Kasei', 'Planéta Mars', 'podstatne meno', 1, '2023-08-13'),
(1230, 'Horobiru', 'Byť zničený', 'sloveso', NULL, '2023-08-13'),
(1231, 'Ochiru', 'Spadnút', 'sloveso', NULL, '2023-08-13'),
(1232, 'Ugokanaku naru', 'Prestať fungovať', 'sloveso', NULL, '2023-08-13'),
(1233, 'Shikaku(2o)', 'Kvalifikácia/Certifikácia', 'podstatne meno', 12, '2023-08-13'),
(1234, 'Pasokon o kidou suru', 'Naštartovať počítač', 'podstatne meno', 27, '2023-08-17'),
(1235, 'Pasokon o saikidou suru', 'Reštartovať počítač', 'podstatne meno', 27, '2023-08-17'),
(1236, 'Pasokon o shuuryou suru', 'Vypnúť počítač', 'podstatne meno', 27, '2023-08-17'),
(1237, 'Intaanotto ni setsuzoku suru', 'Pripojiť sa na net', 'podstatne meno', 27, '2023-08-17'),
(1238, 'Uebusaito ni akusesu suru', 'Navštívit webstránku', 'podstatne meno', 27, '2023-08-17'),
(1239, 'Meeru', 'Mail', 'podstatne meno', 27, '2023-08-17'),
(1240, 'Meeru o juushin suru', 'Obdržať mail', 'podstatne meno', 27, '2023-08-17'),
(1241, 'Meeru o soushin suru', 'Poslať mail', 'podstatne meno', 27, '2023-08-17'),
(1242, 'Meeru o hozon suru', 'Uložit mail', 'podstatne meno', 27, '2023-08-17'),
(1243, 'Meeru o sakujo suru', 'Vymazať mail', 'podstatne meno', 27, '2023-08-17'),
(1244, 'Meeru o insatsu suru', 'Vytlačiť mail', 'podstatne meno', 27, '2023-08-17'),
(1245, 'Meeru ni fuairu o tenpu suru', 'Pripojiť súbor k mailu', 'podstatne meno', 27, '2023-08-17'),
(1246, 'Sofuto o insutooru suru', 'Inštalovať softvér', 'podstatne meno', 27, '2023-08-17'),
(1247, 'Fuairu o daunroodo suru', 'Stiahnuť súbor', 'podstatne meno', 27, '2023-08-17'),
(1248, 'Deeta', 'Dáta', 'podstatne meno', 27, '2023-08-17'),
(1249, 'Deeta o nyuuryoku suru', 'Input dát', 'podstatne meno', 27, '2023-08-17'),
(1250, 'Settei', 'Nastavenia', 'podstatne meno', 27, '2023-08-17'),
(1251, 'Shoshiki o settei suru', 'Nastaviť formát', 'podstatne meno', 27, '2023-08-17'),
(1252, 'Fuairu o akeru', 'Otvoriť súbor', 'podstatne meno', 27, '2023-08-17'),
(1253, 'Uirusu o kansen suru', 'Dostať vírus', 'podstatne meno', 27, '2023-08-17'),
(1254, 'Pasokon ga furiizu suru', 'Počítač zamrzol', 'podstatne meno', 27, '2023-08-17'),
(1255, 'Sutoresu', 'Stres', 'podstatne meno', 12, '2023-08-17'),
(1256, 'Hantai desu', 'Byť proti (napr. návrhu)', 'podstatne meno', 26, '2023-08-17'),
(1257, 'Takushii noriba', 'Nástupisko pre taxíky', 'podstatne meno', 2, '2023-08-17'),
(1258, 'Nikki', 'Diár', 'podstatne meno', 12, '2023-08-17'),
(1259, 'Gawa', 'Strana (napr. na pravej strane je banka)', 'podstatne meno', 12, '2023-08-17'),
(1260, 'Michi o annai suru', 'Ukázať smer', 'podstatne meno', 2, '2023-08-17'),
(1261, 'Pasuwoodo', 'Heslo', 'podstatne meno', 27, '2023-08-17'),
(1262, 'Torihiki', 'Dohoda', 'podstatne meno', 12, '2023-08-17'),
(1263, 'Jidou(na)', 'Automatické(napr. schody)', 'pridavne meno', NULL, '2023-08-17'),
(1264, 'Annai ban', 'Informačná tabuľa výskytov (napr. v supermarkete)', 'podstatne meno', 12, '2023-08-17'),
(1265, 'Raikyaku', 'Návšteva', 'podstatne meno', 12, '2023-08-17'),
(1266, 'Seifuku', 'Uniforma', 'podstatne meno', 25, '2023-08-17'),
(1267, 'Noryoku', 'Schopnosť', 'podstatne meno', 12, '2023-08-17'),
(1268, 'Sangurasu', 'Slnečné okuliare', 'podstatne meno', 2, '2023-08-17'),
(1269, 'Youbi', 'Deň v týždni', 'podstatne meno', 4, '2023-08-17'),
(1270, 'Torikesu', 'Zrušiť (napr. dovolenku)', 'sloveso', NULL, '2023-08-17'),
(1271, 'Sugoi(na)', 'Super', 'pridavne meno', NULL, '2023-08-31'),
(1272, 'Tadashii', 'Správne (niečo urobiť)', 'pridavne meno', NULL, '2023-08-31'),
(1273, 'Subarashii', 'Úžasné', 'pridavne meno', NULL, '2023-08-31'),
(1274, 'Warui', 'Zlé', 'pridavne meno', NULL, '2023-08-31'),
(1275, 'Hidoi', 'Hrozné', 'pridavne meno', NULL, '2023-08-31'),
(1276, 'Fukai', 'Ďaleko', 'pridavne meno', NULL, '2023-08-31'),
(1277, 'Tarinai', 'Nepostačujúce', 'pridavne meno', NULL, '2023-08-31'),
(1278, 'Juubun(na)', 'Postačujúce', 'pridavne meno', NULL, '2023-08-31'),
(1279, 'Shinsen(na)', 'Čerstvé', 'pridavne meno', NULL, '2023-08-31'),
(1280, 'Kusatta', 'Zhnité', 'pridavne meno', NULL, '2023-08-31'),
(1281, 'Nureta', 'Mokré', 'pridavne meno', NULL, '2023-08-31'),
(1282, 'Kawaita', 'Suché', 'pridavne meno', NULL, '2023-08-31'),
(1283, 'Hazu desu', 'Určite', 'podstatne meno', 26, '2023-08-31'),
(1284, 'Dengon', 'Správa', 'podstatne meno', 12, '2023-08-31'),
(1285, 'Ryoukan', 'Hostinec', 'podstatne meno', 1, '2023-08-31'),
(1286, 'Seikou', 'Úspech', 'podstatne meno', 12, '2023-08-31'),
(1287, 'Seikou suru', 'Uspieť', 'sloveso', NULL, '2023-08-31'),
(1288, 'Shinpai', 'Starosť', 'podstatne meno', 12, '2023-08-31'),
(1289, 'Shinpai suru', 'Robiť si starosti', 'sloveso', NULL, '2023-08-31'),
(1290, 'Kokoro', 'Vnútro/Srdce (človeka)', 'podstatne meno', 17, '2023-08-31'),
(1291, 'Susumu', 'Postúpiť vpred', 'sloveso', NULL, '2023-08-31'),
(1292, 'Yasuku suru', 'Zlacnieť/Znížiť cenu', 'sloveso', NULL, '2023-08-31'),
(1293, 'Yasuku naru', 'Byť zlacnený', 'podstatne meno', 12, '2023-08-31'),
(1294, 'X biki', 'X zľava (napr. 40\\% zľava)', 'podstatne meno', 12, '2023-08-31'),
(1295, 'Niau', 'Sluší (napr. niekomu oblečenie)', 'sloveso', NULL, '2023-08-31'),
(1296, 'Yachin/Heyadai', 'Nájom', 'podstatne meno', 12, '2023-08-31'),
(1297, 'Chuushi', 'Zrušenie (napr. mítingu)', 'podstatne meno', 12, '2023-08-31'),
(1298, 'Teian', 'Návrh', 'podstatne meno', 12, '2023-08-31'),
(1299, 'Teian suru', 'Navrhnúť', 'sloveso', NULL, '2023-08-31'),
(1300, 'Koshou suru', 'Navrhnúť', 'sloveso', NULL, '2023-08-31'),
(1301, 'Iten suru', 'Presúvať (napr. kanceláriu do inej budovy)', 'sloveso', NULL, '2023-08-31'),
(1302, 'Fudou san ya', 'Realiťák', 'podstatne meno', 11, '2023-08-31'),
(1303, 'Ooya san', 'Vlastník/Majiteľ (napr. bytu)', 'podstatne meno', 11, '2023-08-31'),
(1304, 'Shikikin', 'Kaucia (pri nájme za príp. škody)', 'podstatne meno', 12, '2023-08-31'),
(1305, 'Jisoku', 'Rýchlosť za hodinu', 'podstatne meno', 2, '2023-08-31'),
(1306, 'Ukkari', 'Spontánne/Bez rozmýšľania', 'podstatne meno', 12, '2023-08-31'),
(1307, 'Shuuten', 'Posledná zastávka (busu, vlaku)', 'podstatne meno', 2, '2023-08-31'),
(1308, 'Shuusekisha', 'Zúčastnení (napr. prednášky)', 'podstatne meno', 11, '2023-08-31'),
(1309, 'Ninzuu', 'Počet ľudí', 'podstatne meno', 12, '2023-08-31'),
(1310, 'Yatte miru/Tamesu', 'Skúsiť', 'sloveso', NULL, '2023-08-31'),
(1311, 'Chuumon', 'Objednávka', 'podstatne meno', 23, '2023-08-31'),
(1312, 'Haya sugiru', 'Príliš rýchly', 'podstatne meno', 26, '2023-08-31'),
(1313, 'Keiyaku', 'Kontrakt/Zmluva', 'podstatne meno', 12, '2023-08-31'),
(1314, 'Seikyuushou', 'Účet (napr. za jedlo)', 'podstatne meno', 23, '2023-08-31'),
(1315, 'Hitoyasumi', 'Krátka pauza/voľno', 'podstatne meno', 12, '2023-08-31'),
(1316, 'Seihai', 'Svätý grál', 'podstatne meno', 21, '2023-08-31'),
(1317, 'Sei', 'Svätý', 'pridavne meno', NULL, '2023-08-31'),
(1318, 'Seiken', 'Svätý meč', 'podstatne meno', 21, '2023-08-31'),
(1319, 'Ekusukalibaa', 'Exkalibur', 'podstatne meno', 21, '2023-08-31'),
(1320, 'Minotaurosu', 'Minotaurus', 'podstatne meno', 21, '2023-08-31'),
(1321, 'Hydora', 'Hydra', 'podstatne meno', 21, '2023-08-31'),
(1322, 'Kimera', 'Chiméra', 'podstatne meno', 21, '2023-08-31'),
(1323, 'Mantikoa', 'Mantikora', 'podstatne meno', 21, '2023-08-31'),
(1324, 'Goburin', 'Goblin', 'podstatne meno', 21, '2023-08-31'),
(1325, 'Hobugoburin', 'Hobgoblin', 'podstatne meno', 21, '2023-08-31'),
(1326, 'Rizaadoman', 'Jašterý muž', 'podstatne meno', 21, '2023-08-31'),
(1327, 'Shinkan', 'Kňaz', 'podstatne meno', 11, '2023-08-31'),
(1328, 'Shakai', 'Spoločnosť', 'podstatne meno', 12, '2023-09-07'),
(1329, 'Genshouban', 'Fenomén', 'podstatne meno', 12, '2023-09-07'),
(1330, 'Shakai genshouban', 'Sociálny fenomén', 'podstatne meno', 12, '2023-09-07'),
(1331, 'X ten', 'Výstava X (napr. zbraní)', 'podstatne meno', 12, '2023-09-07'),
(1332, 'Hikitsukeru', 'Fascinovať', 'sloveso', NULL, '2023-09-07'),
(1333, 'Kenchiku', 'Architektúra', 'podstatne meno', 12, '2023-09-07'),
(1334, 'Shoku bunka', 'Kultúra jedla', 'podstatne meno', 12, '2023-09-07'),
(1335, 'Shurui', 'Druh (napr. 4 druhy syra)', 'podstatne meno', 12, '2023-09-07'),
(1336, 'Kin nen', 'Posledné roky (napr. v posledných rokoch je trend...)', 'podstatne meno', 4, '2023-09-07'),
(1337, 'Kenkou', 'Zdravie', 'podstatne meno', 9, '2023-09-07'),
(1338, 'Yofukashi', 'Byť hore dlho do noci', 'podstatne meno', 26, '2023-09-07'),
(1339, 'Shukuhaku', 'Ubytovanie', 'podstatne meno', 12, '2023-09-07'),
(1340, 'Shukuhaku shitsu', 'Ubytovacia miestnosť/byt', 'podstatne meno', 1, '2023-09-07'),
(1341, 'Shukuhaku suru', 'Ubytovať sa/Ostať na noc', 'sloveso', NULL, '2023-09-07'),
(1342, 'Benshou', 'Originál (napr. kniha)', 'podstatne meno', 12, '2023-09-07'),
(1343, 'Shousetsu', 'Séria (filmová)', 'podstatne meno', 12, '2023-09-07'),
(1344, 'Yubibaasaru', 'Univerzum', 'podstatne meno', 12, '2023-09-07'),
(1345, 'Saibu', 'Detail', 'podstatne meno', 12, '2023-09-07'),
(1346, 'Saigen suru', 'Napodobniť/Reprodukovať', 'sloveso', NULL, '2023-09-07'),
(1347, 'Shinka', 'Vývin/Update/Evolúcia', 'podstatne meno', 12, '2023-09-07'),
(1348, 'Shinka suru', 'Vyvinúť sa/Updatnúť', 'sloveso', NULL, '2023-09-07'),
(1349, 'Motomoto', 'Pôvodne', 'podstatne meno', 26, '2023-09-07'),
(1350, 'Hanbai', 'Predaj (napr. nový tovar je dostupný na predaj)', 'podstatne meno', 12, '2023-09-07'),
(1351, 'Shomei', 'Podpis', 'podstatne meno', 12, '2023-09-07'),
(1352, 'Shomei suru', 'Podpísať', 'sloveso', NULL, '2023-09-07'),
(1353, 'Undou', 'Kampaň', 'podstatne meno', 12, '2023-09-07'),
(1354, 'Mottai nai', 'Plýtvanie', 'podstatne meno', 12, '2023-09-07'),
(1355, 'Kaihatsu', 'Vývoj/Development', 'podstatne meno', 27, '2023-09-07'),
(1356, 'Koukai', 'Ľútosť', 'podstatne meno', 12, '2023-09-07'),
(1357, 'Koukai suru', 'Ľutovať', 'sloveso', NULL, '2023-09-07'),
(1358, 'Jimoto', 'Lokalita', 'podstatne meno', 1, '2023-09-07'),
(1359, 'Kankeisha', 'Človek/ľudia, ktorý sa to týka', 'podstatne meno', 11, '2023-09-07'),
(1360, 'Onaka ga suku', 'Byť hladný', 'podstatne meno', 26, '2023-09-07'),
(1361, 'Senden suru', 'Propagovať (napr. reklamy v telke)', 'sloveso', NULL, '2023-09-07'),
(1362, 'Senden', 'Reklama/Propagácia', 'podstatne meno', 12, '2023-09-07'),
(1363, 'X retru', 'X riadok/rad', 'podstatne meno', 12, '2023-09-07'),
(1364, 'Bitamin', 'Vitamín', 'podstatne meno', 9, '2023-09-07'),
(1365, 'Yatou suru', 'Najať (niekoho)', 'sloveso', NULL, '2023-09-07'),
(1366, 'Yatou', 'Najatie/Prenajatie', 'podstatne meno', 12, '2023-09-07'),
(1367, 'Kyoujuu', 'Do konca dnešnéého dňa', 'podstatne meno', 4, '2023-09-07'),
(1368, 'Seiki', 'Storočie', 'podstatne meno', 12, '2023-09-07'),
(1369, 'Atsumu', 'Spojiť', 'sloveso', NULL, '2023-09-07'),
(1370, 'Noumin', 'Farmár', 'podstatne meno', 11, '2023-09-07'),
(1371, 'Daibubun', 'Väčšina', 'podstatne meno', 12, '2023-09-07'),
(1372, 'Daimyou', 'Feudálny pán', 'podstatne meno', 11, '2023-09-07'),
(1373, 'Metta ni nai', 'Takmer nikdy/Výnimočne', 'podstatne meno', 26, '2023-09-07'),
(1374, 'Yopparai', 'Opitý', 'pridavne meno', NULL, '2023-09-07'),
(1375, 'Sekiyu', 'Petrolej', 'podstatne meno', 12, '2023-09-07'),
(1376, 'Jidousha', 'Automobil', 'podstatne meno', 2, '2023-09-07'),
(1377, 'Kurikaesu', 'Opakovať', 'sloveso', NULL, '2023-09-07'),
(1378, 'Shokugyou', 'Povolanie', 'podstatne meno', 12, '2023-09-07'),
(1379, 'Senchi/Senchimetoru', 'Centimetre', 'podstatne meno', 12, '2023-09-07'),
(1380, 'Tate(2o)', 'Výška', 'podstatne meno', 12, '2023-09-07'),
(1381, 'Yoko', 'Šírka', 'podstatne meno', 12, '2023-09-07'),
(1382, 'Heppoko', 'Zbytočné', 'pridavne meno', NULL, '2023-09-07'),
(1383, 'Doushite mo', 'Nech sa deje čokoľvek', 'podstatne meno', 26, '2023-09-07'),
(1384, 'Ikurate mo', 'Nech to stojí čokoľvek', 'podstatne meno', 26, '2023-09-07'),
(1385, 'Shikaraku', 'Na niekoľko minúť/Na moment', 'podstatne meno', 26, '2023-09-07'),
(1386, 'Tashikameru', 'Potvrdiť', 'sloveso', NULL, '2023-09-07'),
(1387, 'Ken(2o)', 'Prípad/Subjekt', 'podstatne meno', 12, '2023-09-07'),
(1388, 'Sakki/Sakihodo', 'Pred malou chvíľou', 'podstatne meno', 12, '2023-09-07'),
(1389, 'Jijou', 'Situácia', 'podstatne meno', 12, '2023-09-07'),
(1390, 'Naiyou', 'Detaily', 'podstatne meno', 12, '2023-09-07'),
(1391, 'Soutai suru', 'Odísť skôr', 'sloveso', NULL, '2023-09-07'),
(1392, 'Kaitsuu suru', 'Otvorené pre verejnosť', 'sloveso', NULL, '2023-09-07'),
(1393, 'X kan', 'Medzi/Cez (napr. medzi/cez Košice a Prešov)', 'podstatne meno', 26, '2023-09-07'),
(1394, 'Izen (wa)', 'Predtým', 'podstatne meno', 12, '2023-09-07'),
(1395, 'Futsu', 'Normálne/Bežné', 'pridavne meno', NULL, '2023-09-07'),
(1396, 'Hi kaeri', 'Jednodňoví výlet/Prísť a odísť v rovnaký deň', 'podstatne meno', 12, '2023-09-07'),
(1397, 'Hisashiburi', 'Po dlhom čase', 'podstatne meno', 26, '2023-09-07'),
(1398, 'Yakudatsu', 'Slúži svojmu zámeru', 'sloveso', NULL, '2023-09-07'),
(1399, 'Kankyou', 'Životné prostredie', 'podstatne meno', 12, '2023-09-07'),
(1400, 'Nen nen', 'Rok čo rok/Každý rok', 'podstatne meno', 4, '2023-09-07'),
(1401, 'Umaku', 'Jednoducho', 'podstatne meno', 12, '2023-09-07'),
(1402, 'Goshuushou sama desu', 'Úprimnú sústrasť', 'podstatne meno', 26, '2023-09-07'),
(1403, 'Meijiru', 'Nariadiť/Prikázať', 'sloveso', NULL, '2023-09-07'),
(1404, 'Shinjin', 'Nováčik (napr. v práci)', 'podstatne meno', 11, '2023-09-07');

--
-- Kľúče pre exportované tabuľky
--

--
-- Indexy pre tabuľku `grammar`
--
ALTER TABLE `grammar`
  ADD PRIMARY KEY (`id`);

--
-- Indexy pre tabuľku `grammar_sentences`
--
ALTER TABLE `grammar_sentences`
  ADD PRIMARY KEY (`id`),
  ADD KEY `grammar_id` (`grammar_id`);

--
-- Indexy pre tabuľku `kana`
--
ALTER TABLE `kana`
  ADD PRIMARY KEY (`id`);

--
-- Indexy pre tabuľku `kanji`
--
ALTER TABLE `kanji`
  ADD PRIMARY KEY (`id`);

--
-- Indexy pre tabuľku `nounTypes`
--
ALTER TABLE `nounTypes`
  ADD PRIMARY KEY (`id`);

--
-- Indexy pre tabuľku `verbFormSuffixes`
--
ALTER TABLE `verbFormSuffixes`
  ADD PRIMARY KEY (`id`),
  ADD KEY `form_id` (`form_id`);

--
-- Indexy pre tabuľku `verbFormTypes`
--
ALTER TABLE `verbFormTypes`
  ADD PRIMARY KEY (`id`);

--
-- Indexy pre tabuľku `words`
--
ALTER TABLE `words`
  ADD PRIMARY KEY (`id`),
  ADD KEY `word_subtype_id` (`word_subtype_id`);

--
-- AUTO_INCREMENT pre exportované tabuľky
--

--
-- AUTO_INCREMENT pre tabuľku `grammar`
--
ALTER TABLE `grammar`
  MODIFY `id` int UNSIGNED NOT NULL AUTO_INCREMENT, AUTO_INCREMENT=68;

--
-- AUTO_INCREMENT pre tabuľku `grammar_sentences`
--
ALTER TABLE `grammar_sentences`
  MODIFY `id` int UNSIGNED NOT NULL AUTO_INCREMENT, AUTO_INCREMENT=88;

--
-- AUTO_INCREMENT pre tabuľku `kana`
--
ALTER TABLE `kana`
  MODIFY `id` int UNSIGNED NOT NULL AUTO_INCREMENT, AUTO_INCREMENT=47;

--
-- AUTO_INCREMENT pre tabuľku `kanji`
--
ALTER TABLE `kanji`
  MODIFY `id` int UNSIGNED NOT NULL AUTO_INCREMENT, AUTO_INCREMENT=48;

--
-- AUTO_INCREMENT pre tabuľku `nounTypes`
--
ALTER TABLE `nounTypes`
  MODIFY `id` int UNSIGNED NOT NULL AUTO_INCREMENT, AUTO_INCREMENT=28;

--
-- AUTO_INCREMENT pre tabuľku `verbFormSuffixes`
--
ALTER TABLE `verbFormSuffixes`
  MODIFY `id` int UNSIGNED NOT NULL AUTO_INCREMENT, AUTO_INCREMENT=190;

--
-- AUTO_INCREMENT pre tabuľku `verbFormTypes`
--
ALTER TABLE `verbFormTypes`
  MODIFY `id` int UNSIGNED NOT NULL AUTO_INCREMENT, AUTO_INCREMENT=22;

--
-- AUTO_INCREMENT pre tabuľku `words`
--
ALTER TABLE `words`
  MODIFY `id` int UNSIGNED NOT NULL AUTO_INCREMENT, AUTO_INCREMENT=1405;

--
-- Obmedzenie pre exportované tabuľky
--

--
-- Obmedzenie pre tabuľku `grammar_sentences`
--
ALTER TABLE `grammar_sentences`
  ADD CONSTRAINT `grammar_sentences_ibfk_1` FOREIGN KEY (`grammar_id`) REFERENCES `grammar` (`id`) ON DELETE CASCADE ON UPDATE CASCADE;

--
-- Obmedzenie pre tabuľku `verbFormSuffixes`
--
ALTER TABLE `verbFormSuffixes`
  ADD CONSTRAINT `verbFormSuffixes_ibfk_1` FOREIGN KEY (`form_id`) REFERENCES `verbFormTypes` (`id`) ON DELETE CASCADE ON UPDATE CASCADE;

--
-- Obmedzenie pre tabuľku `words`
--
ALTER TABLE `words`
  ADD CONSTRAINT `words_ibfk_1` FOREIGN KEY (`word_subtype_id`) REFERENCES `nounTypes` (`id`) ON DELETE CASCADE ON UPDATE CASCADE;
COMMIT;

/*!40101 SET CHARACTER_SET_CLIENT=@OLD_CHARACTER_SET_CLIENT */;
/*!40101 SET CHARACTER_SET_RESULTS=@OLD_CHARACTER_SET_RESULTS */;
/*!40101 SET COLLATION_CONNECTION=@OLD_COLLATION_CONNECTION */;
